,publicName,translationSetId,rating,architectonic,educative,historic_location,historic_museum,castles,churches,children,art_galleries,art_museum,military,specialty,gardens,science,museumId,cluster0,cluster1,cluster2,cluster3,cluster4,cluster5,cluster6,cluster7,cluster8,cluster9,visual,culture,naval,nature,tech,ethnology,small_museum,zero_four,five_eight,nine_twelve,activity,audiotour,exhibition,lecture,scavenger,library,openair,parking,weelchair,disabled,trainstation,restaurant
0,Museum Dokkum,00965172-fde6-42f1-8dae-116cae5ec572,39.0,0,0,0,1,0,0,0,0,0,0,0,0,0,63b26409-7572-41cc-b04a-08d7f60b9c3e,1,0,0,0,0,0,0,0,0,0,0,0,0,0,0,0,1,0,0,0,0,0,1,0,0,1,0,1,0,0,0,1
1,Museum Prinsenhof Delft,00aa87d7-6034-4283-9a4c-3b9589c30fb4,583.0,0,0,0,0,0,0,0,0,0,0,1,0,0,436fe553-39fe-4b0d-b074-08d7f60b9c3e,0,0,0,0,1,0,0,0,0,0,1,1,0,0,0,0,0,0,1,1,1,0,1,0,0,0,0,0,0,0,0,0
2,Stedelijk Museum Amsterdam,01ab8bee-401f-4c85-a742-c2198fbcef28,2.929,0,0,0,0,0,0,0,0,1,0,0,0,0,a8de79ec-5791-4375-b12e-08d7f60b9c3e,1,0,0,0,0,0,0,0,0,0,1,0,0,0,0,0,0,0,0,0,0,0,1,0,0,0,0,0,1,1,0,1
3,Streekmuseum Schippersbeurs,01eda7b1-8ad2-4762-973e-7666d557ef73,5.0,0,0,0,0,0,0,0,0,0,0,1,0,0,42f4ba75-2f11-4cc2-b13c-08d7f60b9c3e,0,0,0,0,0,0,1,0,0,0,0,0,0,0,0,0,1,0,0,0,0,0,0,0,0,0,0,1,0,0,0,0
4,Tropenmuseum Junior,029464f3-265b-4b69-a71d-cdd346b53c34,1.128,0,0,0,1,0,0,0,0,0,0,0,0,0,492d8b8e-3dc6-4b8d-b14b-08d7f60b9c3e,0,0,0,0,0,0,0,0,0,1,0,0,0,0,0,2,0,0,1,1,0,0,1,0,0,1,0,0,0,0,0,1
5,Museum Vlaardingen,02d25c0f-f4db-4d00-a056-c35ee076964e,38.0,0,0,0,0,0,0,0,0,0,0,1,0,0,4d25db0d-ca43-47e3-b089-08d7f60b9c3e,1,0,0,0,0,0,0,0,0,0,0,0,1,0,0,0,1,0,0,0,0,0,1,0,0,1,0,1,1,0,1,0
6,Botanische Tuinen Utrecht,02f0dab3-4ee5-4c38-a0b8-ae02ed4b06b3,248.0,0,0,0,0,0,0,0,0,0,0,0,1,0,58ac5828-6959-4fdc-afa0-08d7f60b9c3e,0,1,0,0,0,0,0,0,0,0,0,0,0,1,0,0,0,0,0,0,0,0,0,0,0,1,1,1,1,0,0,1
7,Het Nieuwe Schoenenmuseum,03fcf274-768a-4a37-932d-50c6ef75cf58,12.0,0,0,0,0,0,0,0,0,0,0,1,0,0,2bca9cc0-5265-4183-b0d9-08d7f60b9c3e,0,0,0,0,0,1,0,0,0,0,0,0,0,0,0,0,1,0,0,0,0,0,0,0,0,0,0,0,0,0,0,0
8,De Casteelse Poort,0410b7f6-509d-4363-9e11-6a4f51ef7425,26.0,0,0,0,0,0,0,0,0,0,0,1,0,0,fe674645-5967-415c-afe8-08d7f60b9c3e,0,0,0,0,0,0,0,0,0,1,0,0,0,0,0,0,1,0,0,0,0,0,0,0,0,1,0,1,0,0,0,0
9,Honig Breethuis,044424ba-e4e7-4de8-b88c-ccaf14cf4c59,14.0,0,0,1,0,0,0,0,0,0,0,0,0,0,f1b16af9-bfc8-4ecb-b16f-08d7f60b9c3e,0,0,0,0,0,1,0,0,0,0,0,1,0,0,1,0,1,0,0,0,0,0,0,0,0,0,0,1,0,1,1,0
10,Stadsmuseum Woerden,04d5018c-2c05-4c07-ba5d-69955cc920b6,56.0,0,0,0,0,0,0,0,0,0,0,1,0,0,f7d36577-9e03-4667-b0e7-08d7f60b9c3e,0,0,0,0,0,0,1,0,0,0,1,1,0,0,0,0,1,0,0,0,0,0,1,0,0,0,0,0,0,0,0,0
11,Kasteel Huis Bergh,04f3f792-3b2e-4c9a-af48-584f4dd61bfe,124.0,0,0,0,0,1,0,0,0,0,0,0,0,0,8370d2ff-6850-40b4-b004-08d7f60b9c3e,0,0,1,0,0,0,0,0,0,0,0,1,0,0,0,0,0,1,1,1,0,1,1,0,0,0,0,1,0,0,0,1
12,"Museum De Domijnen, afdeling Hedendaagse Kunst",053014de-f18f-45e3-8dc6-c3f907646311,5.0,0,0,0,0,0,0,0,1,0,0,0,0,0,1c0e1759-d173-42ef-afad-08d7f60b9c3e,0,0,0,0,0,0,0,1,0,0,1,1,0,0,0,0,1,0,0,0,0,0,1,0,0,0,0,1,0,0,0,0
13,Openluchtmuseum de Locht,057ec8d4-db1e-4b3a-a28c-3e5af7eb18b3,68.0,0,0,0,0,0,0,0,0,0,0,1,0,0,17cdb3b6-316a-4010-b040-08d7f60b9c3e,0,0,0,0,0,0,1,0,0,0,0,0,0,1,0,0,0,0,0,0,0,0,1,0,0,0,0,1,1,0,0,1
14,Museum Schokland,05a94d26-c8df-4105-8df5-67f1acd7e8c5,106.0,0,0,0,0,0,0,0,0,0,0,1,0,0,75e5d32f-27cd-43b7-b078-08d7f60b9c3e,0,0,0,0,0,1,0,0,0,0,0,1,0,0,0,0,0,0,0,0,0,0,0,0,0,1,0,1,1,0,0,1
15,Museum Opsterlân,06a6b9d8-2883-4629-9c92-10107f3fd709,38.0,0,0,0,0,0,0,0,0,0,0,1,0,0,095017b5-c524-4a71-b072-08d7f60b9c3e,1,0,0,0,0,0,0,0,0,0,0,1,0,0,0,0,1,0,0,0,0,0,0,0,0,1,0,1,0,0,0,0
16,Kunstfort bij Vijfhuizen,06e54795-1e78-4c11-b824-7650f03eb1d8,4.0,0,0,0,0,0,0,0,0,1,0,0,0,0,6eaf9c0f-ff43-403b-b011-08d7f60b9c3e,0,0,0,0,0,0,0,1,0,0,1,0,0,0,0,0,1,0,0,0,0,0,1,0,0,0,0,0,0,0,0,1
17,Het Palthe Huis,070c4964-7321-45c3-abec-43a5b4220ef8,9.0,0,0,0,0,0,0,0,0,0,0,1,0,0,a69a9ff4-26b4-45f5-afec-08d7f60b9c3e,0,1,0,0,0,0,0,0,0,0,0,0,0,0,0,0,1,1,1,1,0,0,0,0,1,1,0,1,0,0,0,0
18,Kunstvereniging Diepenheim,078fe561-4a1d-4712-b204-11913bdd57b4,33.0,0,0,0,0,0,0,0,1,0,0,0,0,0,9761f538-ccf6-4ed3-b013-08d7f60b9c3e,0,0,0,0,0,0,0,1,0,0,1,0,0,0,0,0,1,0,0,0,0,0,1,0,0,0,0,1,1,0,1,0
19,Museum Elburg,08bbe151-0fba-4fb5-9844-d5b37ce7a75d,27.0,0,0,0,0,0,0,0,0,1,0,0,0,0,528dd430-c078-4571-b04d-08d7f60b9c3e,1,0,0,0,0,0,0,0,0,0,0,1,0,0,0,0,0,0,1,1,1,0,0,0,0,1,0,1,0,0,0,0
20,NEMO Science Museum,095343bc-bce6-4c73-a7b2-01a75c9b2efa,4.325,0,0,0,0,0,0,1,0,0,0,0,0,0,12e89b79-3052-4bed-b0ba-08d7f60b9c3e,0,1,0,0,0,0,0,0,0,0,0,0,0,0,1,0,0,1,1,1,0,0,1,0,0,0,0,0,1,1,0,1
21,MOW | Museum Westerwolde,09d1c15b-8b4d-41e7-ba67-cb18d29ea95b,158.0,0,0,0,1,0,0,0,0,0,0,0,0,0,0b9db6ba-12ef-4296-b02d-08d7f60b9c3e,1,0,0,0,0,0,0,0,0,0,1,0,0,0,0,0,1,0,0,0,0,0,1,0,0,0,0,1,0,0,0,0
22,Museum voor anatomie en pathologie,0aa09155-261b-4190-a561-e593ca877e24,2.0,0,0,0,0,0,0,0,0,0,0,0,0,1,bdf7e0f9-c930-4b29-b08b-08d7f60b9c3e,0,1,0,0,0,0,0,0,0,0,0,1,0,1,0,0,1,0,0,0,0,0,0,0,0,1,0,1,0,0,0,1
23,Museum Klooster Ter Apel,0ad57b6d-153d-4b84-b5b2-187972c7573f,49.0,0,0,0,0,0,0,0,0,0,0,1,0,0,282345a9-eb91-41be-b068-08d7f60b9c3e,0,0,0,0,0,0,0,0,0,1,0,1,0,0,0,0,0,0,0,0,0,0,1,0,0,0,0,1,0,0,0,0
24,Interactief Museum Sow to Grow,0b7f86cb-92f7-43ee-9eaf-6aa68a5c38a6,0.0,0,0,0,0,0,0,0,0,0,0,0,0,0,0,0,0,0,0,0,0,0,0,0,0,0,0,0,1,0,0,1,0,0,0,0,0,0,0,0,0,0,1,1,0,1,0
25,Kamp Westerbork,0c2e2821-f3fd-4403-8b5a-37cb256b76a2,528.0,0,0,1,0,0,0,0,0,0,0,0,0,0,612516d9-27df-46da-afd9-08d7f60b9c3e,0,0,0,0,0,1,0,0,0,0,0,0,0,0,0,0,0,0,0,0,0,0,1,0,0,1,0,1,0,0,0,1
26,Nationaal Monument Kamp Vught,0c67d1f3-32df-4c8b-9feb-91f707c0ad45,253.0,0,0,0,1,0,0,0,0,0,0,0,0,0,3e7711b2-4a38-453b-b0a0-08d7f60b9c3e,0,1,0,0,0,0,0,0,0,0,0,1,0,0,0,0,0,0,0,0,1,0,0,0,0,0,0,0,0,0,0,0
27,Het Hof van Nederland,0cd34664-4811-49a5-acd5-42fc00200943,127.0,0,0,0,1,0,0,0,0,0,0,0,0,0,8f409b3d-5a88-4712-afdc-08d7f60b9c3e,0,0,0,0,0,1,0,0,0,0,0,1,0,0,0,0,0,0,0,0,0,0,1,0,0,0,0,0,0,0,0,0
28,Huis Van Gijn,0d608560-4b41-468a-ab31-11435ddd48b7,272.0,0,0,0,0,0,0,0,0,0,0,1,0,0,0cb089dc-8dad-4bed-aff1-08d7f60b9c3e,1,0,0,0,0,0,0,0,0,0,1,1,0,0,0,0,0,0,0,0,0,0,1,0,0,0,0,1,0,0,0,0
29,Museum Speelklok,0d9b11c5-4842-4d97-b105-908bca7c8fa5,846.0,0,0,0,0,0,0,1,0,0,0,0,0,0,c664625c-012c-4fd1-b07e-08d7f60b9c3e,0,0,0,1,0,0,0,0,0,0,0,1,0,0,1,0,0,1,1,1,1,0,1,0,1,1,0,0,1,0,1,0
30,Eye Filmmuseum,0f9fa591-7382-4168-9ce2-c6db21516047,1.232,0,0,0,0,0,0,0,0,0,0,1,0,0,73e2f1c9-04f5-444a-afbd-08d7f60b9c3e,0,0,0,0,0,0,0,1,0,0,1,0,0,0,0,0,0,1,1,1,1,0,1,0,0,1,0,0,0,0,0,1
31,Hortus Botanicus Leiden,103c08ab-9e2f-454a-afc7-f1fe8f3e2789,746.0,0,0,0,0,0,0,0,0,0,0,0,1,0,8eb6fb06-3a9e-49cc-afee-08d7f60b9c3e,0,0,0,0,0,0,0,0,0,1,0,0,0,1,0,0,0,0,0,1,0,0,1,0,1,0,0,0,0,0,0,1
32,"Marres, Huis voor Hedendaagse Kunst",10f92ca9-be97-40d2-b2ad-cb99d5154981,3.0,0,0,0,0,0,0,0,1,0,0,0,0,0,5a853232-7374-44a9-b024-08d7f60b9c3e,0,0,0,0,0,0,0,1,0,0,1,0,0,0,0,0,1,0,0,0,1,0,1,0,0,0,0,1,0,0,1,1
33,Visserijmuseum Breskens,11b71518-57ec-4ec4-ace1-9f24f68e67b9,33.0,0,0,0,0,0,0,0,0,0,0,1,0,0,71fe4aa4-fdd4-4f71-b157-08d7f60b9c3e,0,0,0,1,0,0,0,0,0,0,0,0,1,0,0,0,1,0,0,0,0,0,0,0,0,0,0,1,1,0,0,0
34,Stadsmuseum Harderwijk,1259b27a-48fb-48d4-adbb-31329be57921,47.0,0,0,0,0,0,0,0,0,1,0,0,0,0,a35c6472-00b6-4379-b0e4-08d7f60b9c3e,0,0,0,0,0,0,0,1,0,0,1,1,0,0,0,0,1,0,0,0,0,0,1,0,0,1,0,1,0,0,0,0
35,Stadsmuseum Almelo,12f087dd-5437-491d-8648-49c5483fbeb8,12.0,0,0,0,1,0,0,0,0,0,0,0,0,0,8b00fe35-61ed-4d3f-b0e1-08d7f60b9c3e,0,0,0,1,0,0,0,0,0,0,0,0,0,0,0,0,1,0,0,0,0,0,1,0,0,1,0,1,0,0,0,0
36,Het Scheepvaartmuseum,1335f2de-05b0-4351-8cae-1cb1263b3791,3.167,0,0,0,1,0,0,0,0,0,0,0,0,0,6cb25a4d-145a-4295-afe0-08d7f60b9c3e,0,0,0,1,0,0,0,0,0,0,0,0,1,0,0,0,0,0,1,1,1,0,1,0,0,1,0,1,1,0,1,1
37,Nationaal Holocaust Museum,13f31d31-81bc-4d7a-9347-da1fa9ce5e43,138.0,0,0,0,1,0,0,0,0,0,0,0,0,0,f45288ca-3d13-4fa3-b09c-08d7f60b9c3e,0,0,0,1,0,0,0,0,0,0,1,1,0,0,0,1,0,0,0,0,0,0,0,0,0,0,0,0,1,0,0,0
38,De Kuiperij,15521a24-f0fd-49c2-beef-dcfcca62e2e7,2.0,0,0,0,1,0,0,0,0,0,0,0,0,0,96eb879c-8cc6-4e7c-b010-08d7f60b9c3e,0,0,0,0,0,0,0,0,0,1,0,0,0,0,0,0,1,0,0,0,0,0,0,0,0,0,0,1,1,0,1,0
39,Space Expo,15d80092-895b-45cb-aad9-b1b470cfc177,331.0,0,0,0,0,0,0,0,0,0,0,0,0,1,b48da5c3-61be-40bf-b0dc-08d7f60b9c3e,0,1,0,0,0,0,0,0,0,0,0,0,0,0,1,0,1,0,1,1,1,0,0,0,0,0,0,1,1,0,0,1
40,Thermenmuseum,16358f21-8bad-46aa-a146-3d158259b125,133.0,0,0,0,1,0,0,0,0,0,0,0,0,0,22eeb4c6-7519-4190-b146-08d7f60b9c3e,0,0,0,0,0,0,1,0,0,0,0,0,0,0,0,0,1,0,0,0,0,0,0,0,0,1,0,0,1,0,0,0
41,Museum Spakenburg,16a516c8-fad4-46a0-a8d8-9137edfe61d6,35.0,0,0,0,1,0,0,0,0,0,0,0,0,0,c0880b2f-2a68-455f-b07d-08d7f60b9c3e,0,1,0,0,0,0,0,0,0,0,0,0,0,0,0,0,1,0,0,0,0,0,0,0,0,0,0,1,1,0,0,0
42,MU,170569ce-a7eb-4b0f-b167-2798cf9935a4,0.0,0,0,0,0,0,0,0,0,0,0,0,0,0,0,0,0,0,0,0,0,0,0,0,0,1,0,0,0,0,0,1,0,0,0,0,0,0,0,0,0,0,0,0,0,1,0
43,De Nieuwe Kerk,179e0120-23f9-434b-804b-172effcfc85d,1.3130000000000002,0,0,0,0,0,1,0,0,0,0,0,0,0,d23df516-fb2d-4ba2-b0a7-08d7f60b9c3e,0,0,0,0,0,0,0,0,1,0,1,1,0,0,0,0,1,0,0,0,0,0,1,0,0,0,0,0,0,0,0,0
44,Slot Zuylen,17aed04d-9186-4452-b263-0de3dfe7f6f2,107.0,0,0,0,0,1,0,0,0,0,0,0,0,0,845d03e8-013e-4c05-b0da-08d7f60b9c3e,0,0,1,0,0,0,0,0,0,0,0,1,0,0,0,0,1,0,0,0,0,0,0,0,0,0,0,1,0,0,0,0
45,Museum Hoeksche Waard,17b0f25b-2ddc-4d69-bccc-5f1ce4ffe980,2.0,0,0,0,1,0,0,0,0,0,0,0,0,0,9a655673-e8d1-4095-b05f-08d7f60b9c3e,0,1,0,0,0,0,0,0,0,0,0,1,0,0,0,0,1,0,0,0,0,0,1,0,0,1,0,1,0,0,0,0
46,De Mesdag Collectie,17e7443b-50f2-4ecb-96cb-eda6262c5f8e,130.0,0,0,0,0,0,0,0,0,1,0,0,0,0,9aab9dd5-41da-4331-afb1-08d7f60b9c3e,0,0,0,0,0,0,0,1,0,0,1,0,0,0,0,0,1,0,0,0,0,0,1,0,0,0,0,1,0,0,0,0
47,Museum Flehite,17ffe260-ca22-426a-90fe-ac683c7d0590,140.0,0,0,0,1,0,0,0,0,0,0,0,0,0,ab0d0ab0-3780-46ca-b04e-08d7f60b9c3e,1,0,0,0,0,0,0,0,0,0,0,0,0,0,0,0,0,1,1,1,0,0,1,0,0,0,0,0,1,0,0,0
48,Peter van den Braken Centrum,18042a94-ee8f-4a6c-8a79-50990a587ea8,3.0,0,0,0,0,0,0,0,0,1,0,0,0,0,544ca969-72d4-48ac-b0cb-08d7f60b9c3e,1,0,0,0,0,0,0,0,0,0,1,0,0,0,0,0,1,0,0,0,0,0,0,0,0,1,0,1,0,0,0,0
49,Streekmuseum Stevensweert Ohé en Laak,193dc16d-1fde-4322-ae08-be7e34a96866,43.0,0,0,0,1,0,0,0,0,0,0,0,0,0,2aea9417-36ed-492e-b13f-08d7f60b9c3e,0,0,0,0,1,0,0,0,0,0,0,0,0,0,0,0,1,0,0,0,0,0,0,0,0,0,0,1,1,0,1,0
50,Landbouw-Juttersmuseum 'Swartwoude',19c6eb6a-fbd4-4bf3-a55c-72dd68d0fbe8,8.0,0,0,0,1,0,0,0,0,0,0,0,0,0,2df490b0-68d4-4b79-b014-08d7f60b9c3e,0,1,0,0,0,0,0,0,0,0,0,2,0,0,0,0,1,0,0,0,0,0,1,0,0,0,0,1,0,0,0,0
51,Cultuur-Historisch Museum Sorgdrager,1a83a1bc-0197-47b7-881a-9b9c03f11729,25.0,0,0,0,1,0,0,0,0,0,0,0,0,0,955caecf-a661-4809-afa8-08d7f60b9c3e,0,0,0,0,0,0,1,0,0,0,0,1,0,0,0,0,1,0,0,0,0,0,0,0,0,1,0,1,0,0,0,0
52,Buitenplaats Kasteel Wijlre,1a918684-33d5-485a-80b7-90a8086803ef,15.0,0,0,0,0,0,0,0,1,0,0,0,0,0,d1f2b453-da0d-4398-b0f2-08d7f60b9c3e,0,0,0,0,0,0,0,1,0,0,1,1,0,1,0,0,1,0,1,1,0,0,1,0,0,0,1,1,0,0,1,0
53,Museum Engelandvaarders,1b3b1310-8ca3-4521-a982-3a74ac2d4f74,59.0,0,0,0,1,0,0,0,0,0,0,0,0,0,83686a00-65cb-4651-b170-08d7f60b9c3e,0,0,0,1,0,0,0,0,0,0,0,1,0,0,0,0,1,0,0,0,0,0,0,0,0,0,0,0,0,0,0,0
54,Voerman Museum Hattem,1bda7306-d2d7-433e-949e-decac56fbd79,0.0,0,0,0,0,0,0,0,0,0,0,0,0,0,0,0,0,0,0,0,0,0,0,0,0,1,0,0,0,0,0,1,0,0,0,0,0,0,0,0,1,0,1,1,0,0,0
55,Agrarisch Museum Westerhem,1c731866-d25c-489a-b1ea-1e04a1cca554,1.0,0,0,0,1,0,0,0,0,0,0,0,0,0,38612c20-29d2-4905-af8d-08d7f60b9c3e,0,0,0,0,0,0,1,0,0,0,0,0,0,0,0,0,1,0,0,0,0,0,0,0,0,0,1,1,0,0,0,0
56,Kröller-Müller Museum,1cd860b3-d35f-479d-9768-349702c3bc73,1.709,0,0,0,0,0,0,0,0,0,0,1,0,0,9dd9bf1e-3a11-4652-b110-08d7f60b9c3e,1,0,0,0,0,0,0,0,0,0,1,0,0,0,0,0,0,0,0,0,0,0,1,0,0,0,0,1,1,0,0,1
57,Pieter Vermeulen Museum,1cf7d97e-57d6-4550-be98-8d19ea5ac3a5,1.0,1,0,0,0,0,0,0,0,0,0,0,0,0,ae556dfd-7719-4e40-b129-08d7f60b9c3e,0,1,0,0,0,0,0,0,0,0,0,0,0,1,0,0,1,1,1,1,0,0,1,0,0,1,0,1,1,0,0,0
58,Continium discovery center,1d9c7610-ab17-4f68-ae48-9cefefc32b20,158.0,0,0,0,0,0,0,0,0,0,0,0,0,1,bbd3a202-047a-4fd3-afb5-08d7f60b9c3e,0,1,0,0,0,0,0,0,0,0,0,0,0,0,1,0,0,1,1,1,1,0,1,0,0,1,0,1,1,0,0,1
59,Nederlands Volksbuurtmuseum,1dac022f-fc4a-4f0b-91b8-87333f38c304,62.0,0,0,0,0,0,0,0,0,0,0,1,0,0,720bdc31-201f-41d8-b127-08d7f60b9c3e,0,1,0,0,0,0,0,0,0,0,0,1,0,0,0,0,1,0,0,0,0,0,1,0,0,0,0,0,0,0,0,0
60,Literatuurmuseum,1de93dee-f6b5-4a1c-8d7f-e896df26a694,16.0,0,1,0,0,0,0,0,0,0,0,0,0,0,f9dbcb22-38d6-4af4-b019-08d7f60b9c3e,0,0,0,0,0,1,0,0,0,0,0,1,0,0,0,0,0,0,0,0,0,0,0,0,0,1,0,1,1,0,1,1
61,Gelders Geologisch Museum,1e0cce9a-388c-4c99-b2c6-654ad23574aa,794.0,0,0,0,0,0,0,0,0,0,0,0,0,1,53ddcd73-c21c-438d-afca-08d7f60b9c3e,0,0,0,1,0,0,0,0,0,0,0,0,0,1,0,0,1,0,0,0,0,0,0,0,0,1,0,1,0,0,0,0
62,Stoomtrein Katwijk Leiden,1e1dc984-631c-4c66-9ca3-b5b982fdff51,27.0,0,1,0,0,0,0,0,0,0,0,0,0,0,0b4f09b0-a5cd-484c-b138-08d7f60b9c3e,0,1,0,0,0,0,0,0,0,0,0,0,0,0,1,0,0,0,0,0,0,0,0,0,0,0,0,1,1,0,0,0
63,Museum Broeker Veiling,1e31f2d0-18a7-4d98-8d06-beb96ecbcd17,145.0,0,0,0,0,0,0,0,0,0,0,1,0,0,4dcc346b-9504-42f8-b036-08d7f60b9c3e,0,0,0,0,0,0,0,0,0,1,0,1,0,0,0,0,0,0,0,0,1,0,0,0,0,0,0,1,1,0,0,1
64,Natuurhistorisch Museum Maastricht,1e3a00ee-337e-4cc0-9688-782f4021eb94,149.0,0,0,0,0,0,0,0,0,0,0,0,0,0,11297b14-82b5-4206-b0ab-08d7f60b9c3e,0,0,0,0,0,0,1,0,0,0,0,0,0,1,0,0,0,0,0,0,0,0,1,0,0,1,0,0,0,0,0,0
65,Hunebedcentrum,1e3aaa11-c04f-43bd-9707-58401ee41056,315.0,0,0,1,0,0,0,0,0,0,0,0,0,0,f0d6e240-babb-486a-aff5-08d7f60b9c3e,0,0,0,0,0,0,1,0,0,0,0,1,0,1,0,0,0,1,1,1,1,0,1,0,0,1,0,1,1,0,0,0
66,De Halve Maen,1f01f088-0457-4040-af17-9d1a561bdb5e,77.0,0,0,0,0,0,0,0,0,0,0,1,0,0,0ea231d3-4966-44f1-afb0-08d7f60b9c3e,0,0,0,0,0,0,0,0,0,1,0,0,1,0,0,0,1,0,0,0,0,0,0,0,0,0,0,1,0,0,0,0
67,Touwmuseum 'De Baanschuur',1f6ef423-bb3e-44e9-b94b-46a0d123b2d4,15.0,0,0,0,0,0,0,0,0,0,0,1,0,0,349dd439-340c-46e4-b148-08d7f60b9c3e,0,1,0,0,0,0,0,0,0,0,0,1,0,1,0,0,1,0,0,0,0,0,0,0,0,1,0,1,0,0,0,0
68,Hermitage Amsterdam,1f85673a-ba18-4aaf-821a-baf56c7efea7,2.363,0,0,0,0,0,0,0,0,1,0,0,0,0,826b91cd-0105-4350-afda-08d7f60b9c3e,0,0,0,0,0,0,0,0,1,0,1,1,0,0,0,0,0,0,1,1,0,0,1,0,1,0,0,0,0,0,0,0
69,Rijksmuseum Muiderslot,1f8bb764-3a9f-4159-b775-829e80c953a2,711.0,0,0,0,0,1,0,0,0,0,0,0,0,0,d64772bf-3255-4ccb-b12b-08d7f60b9c3e,0,0,1,0,0,0,0,0,0,0,0,0,0,0,0,0,0,1,1,1,1,1,0,0,1,0,0,0,0,0,0,0
70,Museum Buurt Spoorweg,20628449-0dbc-4438-ba1f-39e07e250549,48.0,0,0,0,0,0,0,0,0,0,0,1,0,0,c893b2b5-9086-48d4-b039-08d7f60b9c3e,0,0,0,1,0,0,0,0,0,0,0,0,0,0,1,0,0,0,0,0,0,0,0,0,0,0,0,1,1,0,0,0
71,Fries Verzetsmuseum,209fe943-8c16-4342-888c-d752adc50e82,72.0,0,0,0,1,0,0,0,0,0,0,0,0,0,384e7920-36a1-42dd-afc6-08d7f60b9c3e,1,0,0,0,0,0,0,0,0,0,0,1,0,0,0,0,0,0,0,0,0,0,1,0,0,1,0,1,0,0,0,0
72,Oorlogsmuseum Overloon,20dd4b53-05a1-4fd1-9ff7-4d936ac4afee,575.0,0,0,0,0,0,0,0,0,0,1,0,0,0,fa7deab2-b8fe-4d11-b0bf-08d7f60b9c3e,0,0,0,1,0,0,0,0,0,0,0,1,0,0,0,0,0,0,0,0,1,0,0,0,0,1,0,1,1,0,0,1
73,Het Nederlands Vestingmuseum,22e6f305-c108-4045-839d-ff2f685eea26,149.0,0,0,0,0,0,0,0,0,0,0,0,0,0,45b64ec3-a840-4c92-afde-08d7f60b9c3e,0,0,0,0,0,0,0,0,0,1,0,0,0,0,0,0,0,0,0,0,0,0,0,0,0,0,1,1,1,0,0,0
74,Nationaal Sleepvaart Museum,2315fd34-5472-443f-a6ee-29751ccc8a51,28.0,0,0,0,0,0,0,0,0,0,0,1,0,0,ea31629b-b17f-4f13-b125-08d7f60b9c3e,0,0,0,1,0,0,0,0,0,0,0,0,1,0,0,0,1,0,0,0,0,0,0,0,0,1,0,1,0,0,0,0
75,Nationaal Onderduikmuseum,23eaf7fc-a6ca-40a3-87c5-257dca174595,26.0,0,0,0,1,0,0,0,0,0,0,0,0,0,32fa5fba-1a39-4098-b0a1-08d7f60b9c3e,0,0,0,1,0,0,0,0,0,0,0,1,0,0,0,0,0,0,0,0,0,0,1,0,0,0,0,1,1,1,0,0
76,Museum Tweestromenland,256e0b91-3cfb-49fa-bf70-3b58f519938b,29.0,0,0,0,1,0,0,0,0,0,0,0,0,0,37bb5943-9907-4b5b-b13a-08d7f60b9c3e,0,0,0,1,0,0,0,0,0,0,0,0,0,0,0,0,1,0,0,0,0,0,1,0,0,0,0,1,1,0,0,0
77,nijntje museum,256e34c7-98a0-4501-9d17-36f1cc5b0c85,395.0,0,0,0,0,0,0,0,0,0,0,1,0,0,a856d350-b1f8-40fa-b0bb-08d7f60b9c3e,0,1,0,0,0,0,0,0,0,0,1,1,0,0,0,0,0,0,0,0,0,0,0,0,0,0,0,0,1,0,0,0
78,Het Hollands Kaasmuseum,26c2190e-b323-4ba1-8380-8a0d150cff6f,229.0,0,0,0,0,0,0,0,0,0,0,1,0,0,a2c28f99-9830-4639-afdd-08d7f60b9c3e,0,0,0,1,0,0,0,0,0,0,0,1,0,0,0,0,0,0,0,0,0,0,0,0,0,0,0,1,1,0,0,0
79,Heiligenbeeldenmuseum,2725e4ae-3118-48ba-85d9-9b6b646fb7ab,144.0,0,0,0,1,0,0,0,0,0,0,0,0,0,a8cc9dff-26da-4f12-afd8-08d7f60b9c3e,0,0,0,0,0,0,0,0,0,1,1,1,0,0,0,0,1,0,0,0,0,0,1,0,0,0,0,1,1,0,0,0
80,Streekmuseum Krimpenerwaard,272c721b-d6d3-4e83-965a-6cadcb6a8eeb,10.0,0,0,0,1,0,0,0,0,0,0,0,0,0,54e6ed83-ba76-4bf3-b13e-08d7f60b9c3e,0,0,0,1,0,0,0,0,0,0,0,1,0,0,0,0,1,0,0,0,0,0,0,0,0,0,0,1,0,0,0,0
81,Stedelijk Museum Kampen,276fc4e9-2dcb-4bf7-884c-286c8ebc9865,84.0,0,0,0,0,0,0,0,0,1,0,0,0,0,8dff73eb-d242-4ac5-b0eb-08d7f60b9c3e,0,0,0,1,0,0,0,0,0,0,1,1,0,0,0,0,0,0,0,0,0,0,1,0,0,1,0,1,0,0,0,0
82,Museum Sterrenwacht Sonnenborgh,27b9e34f-c9da-47d5-a22e-d5140b9b0d18,43.0,0,0,0,0,0,0,0,0,0,0,0,0,1,cbb7f9c9-09b6-45ee-b0db-08d7f60b9c3e,0,0,0,1,0,0,0,0,0,0,0,0,0,1,1,0,0,0,1,1,1,0,1,0,0,1,0,0,0,0,0,0
83,DAF Museum,2873d968-6b2d-49dc-8103-a5e1be56f5ae,721.0,0,0,0,0,0,0,0,0,0,0,1,0,0,88ed9618-9e9b-4904-afac-08d7f60b9c3e,1,0,0,0,0,0,0,0,0,0,0,0,0,0,1,0,0,0,0,0,0,0,0,0,0,1,0,1,0,0,0,0
84,Speelgoed en Carnavalsmuseum Op Stelten,28a01a21-e5f1-46b4-ba15-66b3e3af9c1a,48.0,0,0,0,0,0,0,1,0,0,0,0,0,0,ca3fc932-d109-48bd-b0dd-08d7f60b9c3e,1,0,0,0,0,0,0,0,0,0,0,0,0,0,0,0,1,0,0,0,0,0,0,0,0,0,0,1,1,0,0,0
85,De Museumfabriek,2a3a81ef-29ee-44f9-9367-26f890075735,140.0,0,0,0,0,0,0,0,0,0,0,1,0,0,ee516e7d-9ae3-463d-b090-08d7f60b9c3e,0,1,0,0,0,0,0,0,0,0,0,0,0,1,0,0,0,1,1,1,0,0,1,0,0,0,0,1,0,0,1,1
86,Keramiekmuseum Princessehof,2aab8e4a-58db-4bf4-afe8-06a444b8e56c,250.0,0,0,0,0,0,0,0,0,1,0,0,0,0,88034013-5d9f-4c4c-b00c-08d7f60b9c3e,0,0,0,0,0,0,0,1,0,0,1,0,0,0,0,0,0,0,0,1,0,0,1,0,1,1,0,1,0,0,0,0
87,Historisch Museum Den Briel,2adac304-3df6-4588-a60b-c763f29595f9,66.0,0,0,0,1,0,0,0,0,0,0,0,0,0,f6d26068-6d0e-44ba-afea-08d7f60b9c3e,0,0,0,0,1,0,0,0,0,0,0,1,0,0,0,0,1,0,0,0,0,0,1,0,0,1,0,1,1,0,0,0
88,Marinemuseum,2c843151-3bfa-4329-8f32-5e969d913214,400.0,0,0,0,0,0,0,0,0,0,1,0,0,0,fa55c4ab-1315-426c-b01d-08d7f60b9c3e,0,1,0,0,0,0,0,0,0,0,0,0,1,0,0,0,0,0,1,1,0,0,0,0,1,1,0,1,0,0,0,0
89,Bureau Europa,2d859675-3803-40fe-8724-56d33734a322,2.0,0,0,0,0,0,0,0,0,0,0,1,0,0,e30e722f-1696-4074-b0f3-08d7f60b9c3e,0,0,0,0,0,1,0,0,0,0,1,0,0,0,0,1,1,0,0,0,0,0,0,0,0,0,0,1,0,0,0,1
90,Libertum,2dc0d96e-fbe8-41de-b1db-36094539f0ce,13.0,0,0,0,0,0,0,0,0,0,0,1,0,0,cde6ad03-09d9-4d41-b155-08d7f60b9c3e,0,0,0,0,0,1,0,0,0,0,0,1,0,0,0,0,1,0,0,0,0,0,0,0,0,1,0,1,1,0,0,1
91,Ikonenmuseum Kampen,2e8dff09-d2bc-40d0-8d73-93dba2efb202,11.0,0,0,0,1,0,0,0,0,0,0,0,0,0,2f869672-bc8a-4063-aff7-08d7f60b9c3e,0,0,0,0,0,0,0,1,0,0,1,0,0,0,0,0,1,0,0,0,0,0,1,0,0,0,0,0,1,0,0,0
92,Museum van Bommel van Dam,2ed9bac7-8ebe-479a-9bf8-6b837c7f0e90,29.0,0,0,0,0,0,0,0,0,1,0,0,0,0,acda4613-d1bc-41ec-b11e-08d7f60b9c3e,1,0,0,0,0,0,0,0,0,0,1,0,0,0,0,0,1,0,0,0,0,0,0,0,0,1,0,1,1,0,1,0
93,Van Abbemuseum,2fc39c27-ca42-462c-b8a5-6b8fdb927961,560.0,0,0,0,0,0,0,0,0,1,0,0,0,0,841e8d19-3e06-411c-b14f-08d7f60b9c3e,0,0,0,0,0,0,0,1,0,0,1,0,0,0,0,0,0,0,0,0,0,0,1,0,0,1,0,1,1,0,0,1
94,Indisch Herinneringscentrum (IHC) | Sophiahof,2ffb2ebd-007a-4bbe-affc-50095caa653d,2.0,0,0,0,1,0,0,0,0,0,0,0,0,0,53b38d15-e64c-49bb-b108-08d7f60b9c3e,0,0,0,0,0,1,0,0,0,0,0,0,0,0,0,0,1,0,0,0,0,0,1,0,0,0,0,0,1,0,1,0
95,Kasteel Doornenburg,30f51fcc-b373-4b85-9ba0-40d958542540,55.0,0,0,0,0,1,0,0,0,0,0,0,0,0,2e1657fa-0299-4ddf-af97-08d7f60b9c3e,0,0,1,0,0,0,0,0,0,0,0,1,0,0,0,0,1,0,0,0,0,0,0,0,0,0,0,1,0,0,0,1
96,Science Centre Delft,311f809f-409a-43e7-a89b-817ca4b40f2a,82.0,0,0,0,0,0,0,0,0,0,0,1,0,0,2cfefbd7-159e-43b9-b0d6-08d7f60b9c3e,0,1,0,0,0,0,0,0,0,0,0,0,0,1,1,0,0,1,1,1,0,0,0,0,0,0,0,1,0,0,0,0
97,Het Sterkenhuis,32a3dcad-8124-4eff-b874-36e2caaee03e,12.0,0,0,0,1,0,0,0,0,0,0,0,0,0,2af6e156-50f5-4582-afe3-08d7f60b9c3e,0,0,0,1,0,0,0,0,0,0,0,1,0,0,0,0,1,0,0,0,0,0,0,0,0,0,0,1,0,0,0,0
98,Museum Kennemerland,3300f29e-d2c4-45f7-8cb4-a87a4ac23d55,4.0,0,0,0,1,0,0,0,0,0,0,0,0,0,7896247f-98b5-47fb-b066-08d7f60b9c3e,0,0,0,0,0,0,1,0,0,0,0,0,0,0,0,0,1,0,0,0,0,0,0,0,0,1,0,1,0,0,0,0
99,Museum Volkenkunde,33fdc6ef-026e-4a2d-afc1-8b56f1ed6a08,563.0,0,0,0,0,0,0,0,0,0,0,1,0,0,188d4937-c7ec-405d-b08a-08d7f60b9c3e,0,0,0,0,0,0,0,0,0,1,0,0,0,0,0,1,0,1,1,1,1,0,1,0,0,1,0,0,1,0,0,1
100,Museum De Wemme,351d1594-300a-4b56-be83-252adf11bcc4,3.0,0,0,0,0,0,0,0,0,0,0,1,0,0,de6dd4f4-b549-4a7f-b046-08d7f60b9c3e,0,0,0,0,0,0,0,0,0,1,0,1,0,0,0,0,1,0,0,0,0,0,1,0,0,0,0,1,1,0,0,0
101,De Koperen Knop,35f1cf6b-a0d7-45d3-97e1-50af18c929c1,11.0,0,0,0,0,0,0,0,0,0,0,1,0,0,c6524189-62d2-41bc-b03e-08d7f60b9c3e,0,0,0,0,0,0,1,0,0,0,0,1,0,0,0,0,1,1,1,1,1,0,1,0,0,1,0,1,0,0,0,0
102,Marie Tak van Poortvliet Museum,35fbec41-a299-4e7a-ae03-a063e4d4e5f7,10.0,0,0,0,0,0,0,0,1,0,0,0,0,0,b0fed8c9-43cf-4842-b01c-08d7f60b9c3e,1,0,0,0,0,0,0,0,0,0,1,0,0,0,0,0,1,0,0,0,0,0,0,0,0,0,0,1,1,0,1,0
103,Historiehuis Roermond,368607b3-1085-4b46-9f41-3204431b0545,9.0,0,0,0,1,0,0,0,0,0,0,0,0,0,9d1218fa-30c7-4a32-afe6-08d7f60b9c3e,0,0,0,0,0,1,0,0,0,0,0,1,0,0,0,0,0,0,0,0,0,0,1,0,0,1,0,0,0,0,0,0
104,Museum Tromp's Huys,36da426c-d98f-41bc-ba5a-770e4412f569,68.0,0,0,0,0,0,0,1,0,0,0,0,0,0,2ad027ab-7e78-43c6-b11d-08d7f60b9c3e,0,0,0,1,0,0,0,0,0,0,0,1,0,0,0,1,1,0,0,0,0,0,0,0,0,1,0,0,0,0,0,0
105,Museum MORE | Kasteel Ruurlo,379238fb-bb67-4f77-9e80-6476a433713f,244.0,0,0,0,0,0,0,0,0,1,0,0,0,0,7392d815-a4ec-42c7-b007-08d7f60b9c3e,1,0,0,0,0,0,0,0,0,0,1,0,0,1,0,0,1,0,0,0,0,0,1,0,0,0,0,1,0,0,0,0
106,Museum Waelstee,37e493ef-e985-4774-a856-fb44640c0ee0,3.0,0,0,0,0,0,0,0,0,0,0,1,0,0,32b26ecc-911c-42a7-afa9-08d7f60b9c3e,0,0,0,0,0,0,1,0,0,0,0,1,0,0,1,0,1,0,0,0,0,0,0,0,0,0,0,1,1,0,0,0
107,Openluchtmuseum Het Hoogeland,38107554-9018-4367-b2ad-58797d7806c5,48.0,0,0,0,0,0,0,0,0,0,0,1,0,0,e5af16eb-5821-48e0-b0c2-08d7f60b9c3e,0,1,0,0,0,0,0,0,0,0,0,1,0,0,0,0,1,0,1,0,0,0,1,0,0,0,1,1,0,0,0,0
108,Museum Slager,38609b0d-35a3-43ce-9896-d7c42996b702,43.0,0,0,0,0,0,0,0,0,1,0,0,0,0,75eceda9-48a0-44fc-b07a-08d7f60b9c3e,1,0,0,0,0,0,0,0,0,0,1,0,0,0,0,0,1,1,1,1,1,0,1,0,1,1,0,1,0,0,0,0
109,Marius van Dokkum Museum,3888a423-3411-4928-ba07-b5dc1ce2a080,15.0,0,0,0,1,0,0,0,0,0,0,0,0,0,7ea503cd-d0a0-43c2-b021-08d7f60b9c3e,0,0,0,0,0,0,0,1,0,0,1,1,0,0,0,0,1,0,0,0,0,0,0,0,0,0,0,0,0,0,0,0
110,Botanische Tuin TU Delft,38a216ca-1fee-45de-9b0a-ae857342d0c0,96.0,0,0,0,0,0,0,0,0,0,0,0,1,0,8446d1fa-515c-480a-af9f-08d7f60b9c3e,0,1,0,0,0,0,0,0,0,0,0,0,0,1,0,0,0,0,0,0,0,0,1,0,0,1,0,1,1,0,1,0
111,Gemeentelijk Archeologisch Museum Aardenburg,39427955-788d-4592-bbe4-1daf82865181,16.0,0,0,0,1,0,0,0,0,0,0,0,0,0,91d17505-3ca1-4bf6-afcc-08d7f60b9c3e,0,0,0,0,0,0,1,0,0,0,0,0,0,0,0,0,1,0,0,0,0,0,0,0,0,0,0,1,0,0,0,0
112,Het Cuypershuis,39602e5d-e0c7-4304-aa89-ba9d234d12fa,70.0,0,0,0,0,0,0,0,0,0,0,1,0,0,8592a114-7f91-4533-afaa-08d7f60b9c3e,0,0,0,0,0,1,0,0,0,0,1,0,0,0,0,0,0,0,0,0,0,0,1,0,0,0,0,0,0,0,0,0
113,Museum De Waag,39b0a7b4-6bf6-4c5d-a29a-0e4266055be1,54.0,0,0,0,1,0,0,0,0,0,0,0,0,0,69ff46b3-c918-441c-b045-08d7f60b9c3e,1,0,0,0,0,0,0,0,0,0,0,1,0,0,0,0,1,0,0,0,0,0,1,0,0,0,0,1,0,0,0,0
114,Stadhuismuseum Zierikzee,39c0d207-7edc-4e51-82bb-e0d0da3576d4,72.0,0,0,0,0,0,0,0,0,0,0,1,0,0,ae725585-3350-4ca9-b0df-08d7f60b9c3e,0,0,0,0,0,1,0,0,0,0,1,1,1,0,0,0,1,0,1,1,1,0,1,0,0,0,0,0,0,0,0,0
115,Museum Boxtel,39f0a03f-de2f-4709-b03b-4415349736e7,22.0,0,0,0,1,0,0,0,0,0,0,0,0,0,ddd8cb78-b41f-40f7-b177-08d7f60b9c3e,1,0,0,0,0,0,0,0,0,0,0,1,0,0,0,0,1,0,0,0,0,0,0,0,0,0,0,1,0,0,0,0
116,Nederlands Fotomuseum,3b0519ec-a69a-4f2f-8ea2-a5ac4428d096,275.0,0,0,0,0,0,0,0,0,0,0,1,0,0,ba6097a9-fb45-43b2-b0b2-08d7f60b9c3e,0,0,0,0,0,1,0,0,0,0,1,1,0,0,0,0,0,0,0,0,0,0,1,0,0,0,0,0,0,0,0,0
117,Kasteel Radboud,3b3c0cbf-7176-4d16-bc60-89eeeb679a76,88.0,0,0,0,0,1,0,0,0,0,0,0,0,0,bbac3714-524f-40f2-b10c-08d7f60b9c3e,0,0,1,0,0,0,0,0,0,0,0,1,0,0,0,0,1,0,0,0,0,0,0,0,0,0,0,1,0,0,0,0
118,ABC Architectuurcentrum Haarlem,3bcb3ba4-1675-461b-880e-2676f8c7def9,3.0,0,0,0,0,0,0,0,0,0,0,1,0,0,15c93d1b-a3a0-49ff-b0ee-08d7f60b9c3e,0,0,0,0,0,0,1,0,0,0,1,0,0,0,1,0,1,1,1,1,0,0,0,0,0,1,0,1,0,0,0,0
119,Luchtvaartmuseum Aviodrome,3caa2392-510f-4c85-a489-b83e8200ff90,493.0,0,0,0,0,0,0,0,0,0,0,1,0,0,b5514b92-dd11-4b0a-af94-08d7f60b9c3e,0,1,0,0,0,0,0,0,0,0,0,1,0,0,1,0,0,1,1,1,1,0,1,0,0,1,0,1,1,0,0,1
120,Tropenmuseum,3d1a28ab-20dd-4d49-a6c1-23f504ec9472,1.128,0,0,0,1,0,0,0,0,0,0,0,0,0,7815a3eb-4084-4fca-b14a-08d7f60b9c3e,0,0,0,0,0,0,0,0,0,1,0,0,0,0,0,1,0,0,1,1,1,0,1,0,0,1,0,0,0,0,0,1
121,Museum JAN,3d6ab4ba-b9b7-4895-840b-bb1e4f71d148,82.0,0,0,0,0,0,0,0,0,0,0,1,0,0,99d53b49-3103-411d-b062-08d7f60b9c3e,1,0,0,0,0,0,0,0,0,0,1,0,0,0,0,0,0,0,0,0,0,0,1,0,0,0,0,1,0,0,0,0
122,Katwijks Museum,3dc8fd2b-b27d-4552-8e95-7b51c95c08c9,79.0,0,0,0,0,0,0,0,0,1,0,0,0,0,ec91a01b-d384-46e0-b008-08d7f60b9c3e,0,0,0,0,0,0,1,0,0,0,1,1,0,0,0,0,1,0,0,0,0,0,1,0,0,1,0,1,0,0,0,0
123,Museum Giethoorn 't Olde Maat Uus,3df5f7b5-a809-489d-912d-8a1b1baec86b,86.0,0,0,0,0,0,0,0,0,0,0,1,0,0,10562828-0601-4b55-b051-08d7f60b9c3e,0,0,0,1,0,0,0,0,0,0,0,1,1,0,0,0,1,0,0,0,0,0,0,0,0,0,0,1,0,0,0,0
124,Museum Paul Tetar van Elven,3df6ef97-9a05-4b69-b1a4-e3789f20dc13,74.0,0,0,1,0,0,0,0,0,0,0,0,0,0,f2835632-9be9-415f-b073-08d7f60b9c3e,0,1,0,0,0,0,0,0,0,0,1,1,0,0,0,0,1,0,0,0,0,0,1,0,0,0,0,0,0,0,0,0
125,Museum Stedhûs Sleat,3f1b3299-65f6-47c7-a507-56346cab0a5e,32.0,0,0,0,1,0,0,0,0,0,0,0,0,0,36d5b74a-a995-4c29-b07c-08d7f60b9c3e,0,0,0,0,0,0,0,0,1,0,0,1,0,0,0,0,1,0,0,0,0,0,1,0,0,0,0,1,0,0,0,0
126,Openluchtmuseum en Themapark De Spitkeet,3f224a07-d3c3-4467-ab27-2d0f4d6705dc,3.0,0,1,0,0,0,0,0,0,0,0,0,0,0,e9602b87-4614-4b67-b0c1-08d7f60b9c3e,1,0,0,0,0,0,0,0,0,0,0,1,0,0,0,0,1,0,0,0,0,0,1,0,0,0,1,1,0,0,0,0
127,Zeeuws Maritiem MuZEEum,3f3b1b62-9a79-46dd-97dd-3a3e6edf74d1,156.0,0,0,0,0,0,0,1,0,0,0,0,0,0,b37a4b8f-948f-4813-b166-08d7f60b9c3e,0,0,0,1,0,0,0,0,0,0,0,0,1,0,0,0,0,1,1,1,0,0,1,0,1,0,0,0,0,0,0,0
128,Sint Jan Gouda,3f96c8bc-3397-4d76-a48a-ee33ca65a8bb,528.0,1,0,0,0,0,0,0,0,0,0,0,0,0,a5c67986-84c5-4f03-b0d8-08d7f60b9c3e,0,1,0,0,0,0,0,0,0,0,0,1,0,0,0,0,0,0,0,0,0,0,1,0,0,0,0,0,0,0,0,0
129,Venrays Museum,3fda52f4-5d41-4952-b7b9-9da1e11ddb45,30.0,0,0,0,1,0,0,0,0,0,0,0,0,0,c5289742-0f88-4dcb-b132-08d7f60b9c3e,1,0,0,0,0,0,0,0,0,0,0,0,0,0,0,0,1,0,0,0,0,0,0,0,0,0,0,1,0,0,0,0
130,Museum Hengelo,40df8d12-f944-476e-9c56-b916760428d8,20.0,0,0,0,0,0,0,0,0,1,0,0,0,0,2938a919-2691-4c86-b055-08d7f60b9c3e,0,0,0,0,1,0,0,0,0,0,0,1,0,0,0,0,1,0,0,0,0,0,0,0,0,1,0,1,0,0,0,0
131,Tongerlohuys,41a0a29c-a655-4f51-979c-7fa624b303ea,144.0,0,0,0,1,0,0,0,0,0,0,0,0,0,d166a6b0-b098-4c19-b0f9-08d7f60b9c3e,0,0,0,0,0,1,0,0,0,0,0,1,0,0,0,0,1,0,0,0,0,0,1,0,0,0,0,1,1,0,0,1
132,Formerly known as Witte de With Center for Contemporary Art,4238d9e8-9800-400a-be2f-e9cf52787314,28.0,0,0,0,0,0,0,0,0,1,0,0,0,0,4b05e3e1-59c0-4e71-b163-08d7f60b9c3e,0,0,0,0,0,0,0,1,0,0,1,0,0,0,0,0,1,0,0,0,0,0,1,0,0,0,0,1,0,0,0,0
133,Comenius Museum,424e8423-e43b-48e8-ad19-821014020860,11.0,0,0,0,1,0,0,0,0,0,0,0,0,0,7b770ab9-1a2b-43e7-afa6-08d7f60b9c3e,0,0,0,0,0,0,0,0,0,1,0,1,0,0,0,0,1,1,1,1,0,0,1,1,1,1,0,1,1,1,0,0
134,Betje Wolff Museum,42890c86-06cd-4ea5-a170-57c95dbfd26a,10.0,0,0,0,0,0,0,0,0,0,0,1,0,0,c33c32da-33c8-437c-af99-08d7f60b9c3e,0,0,0,0,0,0,1,0,0,0,0,1,0,0,0,0,1,0,0,0,0,0,0,0,0,1,0,1,0,0,0,0
135,De Bastei,43342fe3-e57f-4b74-883f-207d1cf0a24b,51.0,0,0,0,0,0,0,1,0,0,0,0,0,0,20382ca9-9630-45b0-b0f6-08d7f60b9c3e,0,0,0,1,0,0,0,0,0,0,0,1,0,1,0,0,0,0,1,1,0,0,1,0,0,0,0,0,1,0,0,1
136,Noord-Veluws Museum,43ae1a05-2981-4201-8c97-19a696eb0c5e,997.0,0,0,0,0,0,0,0,0,0,0,1,0,0,a54979e7-6f89-41c6-b0bd-08d7f60b9c3e,0,0,0,0,0,0,0,1,0,0,1,0,0,0,0,0,1,0,0,0,0,0,1,0,0,0,0,1,1,0,0,0
137,Hannemahuis,453c62b2-ae22-4cc4-abab-b66b6a5ecc2b,48.0,0,0,0,0,0,0,0,0,0,0,1,0,0,5a44b248-5ad5-48df-afcd-08d7f60b9c3e,0,1,0,0,0,0,0,0,0,0,0,0,0,0,0,0,1,0,0,0,0,0,1,0,0,1,0,1,0,0,1,0
138,Museum In 't Houten Huis,46f074e4-5e2b-46f4-a279-85a0ae2c0026,20.0,0,0,0,0,0,0,0,0,0,0,1,0,0,11f6259e-f15f-4efc-b060-08d7f60b9c3e,0,1,0,0,0,0,0,0,0,0,0,1,1,0,0,0,1,0,0,0,0,0,1,0,0,0,0,1,1,0,0,0
139,Rijksmuseum Twenthe,471dcd8a-6a1b-44aa-b073-0f024f72dde3,200.0,0,0,0,0,0,0,0,0,0,0,1,0,0,dadf18ee-2356-4d63-b0d1-08d7f60b9c3e,0,0,0,0,0,0,0,1,0,0,1,1,0,0,0,0,0,0,0,0,1,0,1,0,0,1,0,1,0,0,0,1
140,Nationaal Brandweermuseum,47f27c2b-3056-4529-ae95-9ba9d4a59902,44.0,0,0,0,0,0,0,0,0,0,0,1,0,0,827f9381-7c18-483c-b099-08d7f60b9c3e,0,0,0,1,0,0,0,0,0,0,0,0,0,0,1,0,1,0,0,0,0,0,0,0,0,1,0,1,0,0,0,0
141,Museum Valkenburg,4981f5e2-5430-48aa-a8e0-726868672a4d,35.0,0,0,0,0,0,0,0,0,1,0,0,0,0,05f5bd76-48fc-476a-b069-08d7f60b9c3e,0,0,0,0,0,0,1,0,0,0,1,1,0,0,0,0,1,0,0,0,0,0,1,0,0,0,0,1,1,0,0,0
142,Markiezenhof,49ad034f-9424-4d89-aab5-8df3c2112ff4,204.0,0,0,0,0,0,0,0,0,0,0,0,0,0,ebfb7e95-e87a-4452-b023-08d7f60b9c3e,0,0,0,0,0,0,0,0,1,0,1,1,0,0,0,0,0,0,0,0,0,0,1,0,0,0,0,1,0,0,0,1
143,"Maritiem Centrum ""Abraham Fock""",4adc4cea-e065-4ee1-b3e1-9017e2b4f487,53.0,0,0,0,0,0,0,0,0,0,0,1,0,0,0bbc0b31-6861-4066-b01f-08d7f60b9c3e,0,0,0,0,0,0,1,0,0,0,0,1,1,0,0,0,1,0,0,0,0,0,0,0,0,0,0,1,1,0,0,0
144,Zeeuws Museum,4b0ef9d3-e2a3-46be-a3db-a0353c949077,288.0,0,0,0,1,0,0,0,0,0,0,0,0,0,d1bfbaa4-b8f9-44fa-b167-08d7f60b9c3e,0,1,0,0,0,0,0,0,0,0,1,1,0,0,0,0,0,1,1,1,0,0,1,0,0,0,0,0,0,0,0,1
145,Museum Het Pakhuis,4b596778-4379-48da-a946-0d04e39e3cea,7.0,0,0,0,0,0,0,1,0,0,0,0,0,0,3487c531-c13c-4065-b058-08d7f60b9c3e,0,0,0,0,0,0,1,0,0,0,0,0,0,1,0,0,1,1,1,1,1,0,1,0,0,0,0,0,1,1,1,0
146,Waterliniemuseum,4bb2e162-41aa-4f1b-b953-c4ec0bb30042,66.0,0,0,0,1,0,0,0,0,0,0,0,0,0,4da2d1e5-351a-4efd-b15d-08d7f60b9c3e,0,0,0,0,0,1,0,0,0,0,0,1,0,0,0,0,0,0,1,1,1,0,0,0,0,0,0,1,1,0,0,0
147,Cromhouthuis & Bijbels Museum,4bde56f6-2fb4-4a0a-ada5-5ede3cb7ba39,3.0,0,0,0,1,0,0,0,0,0,0,0,0,0,6318c2cb-1697-40b4-afa7-08d7f60b9c3e,0,0,0,0,0,0,0,0,1,0,0,1,0,0,0,0,1,0,0,0,0,0,0,0,0,0,0,0,0,0,0,0
148,Westfries Museum,4be5188d-789a-468a-b2da-30d38b5320cd,265.0,0,0,0,0,0,0,0,0,0,0,1,0,0,2e224353-eb32-4fb6-b160-08d7f60b9c3e,1,0,0,0,0,0,0,0,0,0,0,1,1,0,0,0,0,0,1,1,1,0,1,0,0,0,0,1,0,0,0,0
149,Museum Helmond,4c123cbb-afaa-4150-94ff-4b94dfc60b4f,32.0,0,0,0,0,0,0,0,0,1,0,0,0,0,cc58d762-653d-4ad4-b054-08d7f60b9c3e,0,0,1,0,0,0,0,0,0,0,1,1,0,0,0,0,0,1,1,1,1,0,1,0,1,1,0,1,0,0,0,0
150,Brabants Museum Oud Oosterhout,4cb403ef-21c9-4731-86a2-f9f32bd44487,34.0,0,0,0,0,0,0,1,0,0,0,0,0,0,7d9c6d0c-0cba-4db7-afa1-08d7f60b9c3e,0,1,0,0,0,0,0,0,0,0,0,0,0,0,0,0,1,0,0,0,0,0,0,0,0,0,1,1,1,0,0,1
151,Museum Bussemakerhuis,4d1d7577-a12c-4f3b-a80a-d01b47d99488,55.0,0,0,0,0,0,0,0,0,0,0,1,0,0,151e6255-2234-4755-b038-08d7f60b9c3e,0,0,0,0,0,0,0,0,0,1,1,1,0,0,0,0,1,0,0,0,0,0,0,0,0,1,0,1,0,0,0,0
152,Museum De Vier Quartieren,4d8e2faf-08bc-437f-b2bb-68239de990b3,0.0,0,0,0,0,0,0,0,0,0,0,0,0,0,0,0,0,0,0,0,0,0,0,0,0,0,0,0,0,0,0,1,0,0,0,0,0,0,0,0,0,0,0,1,0,1,0
153,Kazemattenmuseum Kornwerderzand,4e2ba88a-439c-41d6-be37-60c26d51cba0,44.0,0,0,0,0,0,0,0,0,0,0,1,0,0,d7b3c2a3-8021-4018-b009-08d7f60b9c3e,1,0,0,0,0,0,0,0,0,0,0,1,0,0,0,0,1,0,0,0,0,0,0,0,0,0,0,1,0,0,0,0
154,Kempenmuseum De Acht Zaligheden,4e2c8d79-1fe0-412d-aaac-080504f0e090,25.0,0,0,0,0,0,0,0,0,0,0,1,0,0,e940a8b4-b4b1-4fb4-b00a-08d7f60b9c3e,0,1,0,0,0,0,0,0,0,0,0,1,0,0,0,0,1,0,0,0,0,0,1,0,0,0,0,0,0,0,0,0
155,Museum Het Rembrandthuis,4ed3950e-9848-4acc-b32c-17b853e757be,6.8020000000000005,0,0,1,0,0,0,0,0,0,0,0,0,0,6fd13fa0-4ab0-4c36-b05a-08d7f60b9c3e,1,0,0,0,0,0,0,0,0,0,1,0,0,0,0,0,0,0,0,0,0,0,1,0,0,1,0,1,0,0,0,0
156,Fries Scheepvaart Museum,4ee51be4-87ff-4d2c-bee6-9c5d81843d3c,151.0,0,0,0,0,0,0,0,0,0,0,1,0,0,9e5fc4cc-9620-4cea-afc5-08d7f60b9c3e,1,0,0,0,0,0,0,0,0,0,0,0,1,0,0,0,0,1,1,1,1,0,1,0,0,1,0,1,0,0,0,0
157,Veenkoloniaal Museum,4f05881b-f742-480c-b13d-91d99c6fc4a2,95.0,0,0,1,0,0,0,0,0,0,0,0,0,0,f05ba71f-dfaa-49f9-b131-08d7f60b9c3e,0,1,0,0,0,0,0,0,0,0,0,1,1,0,0,0,0,0,0,0,0,0,1,0,0,0,0,0,1,0,0,1
158,Oyfo Techniekmuseum,505d548a-6b67-416a-b85a-15dee47e855b,70.0,0,0,0,0,0,0,0,0,0,0,1,0,0,ef6d2a38-99ac-4850-b0c6-08d7f60b9c3e,0,1,0,0,0,0,0,0,0,0,0,0,0,0,1,0,0,0,0,0,0,0,1,0,0,1,0,1,0,0,0,0
159,Marker Museum,50d46141-1880-4929-a839-b0a3eba9a124,54.0,0,0,0,1,0,0,0,0,0,0,0,0,0,ec9cd037-e23b-4f34-b022-08d7f60b9c3e,0,0,0,0,0,1,0,0,0,0,0,1,0,0,0,0,1,0,0,0,0,0,0,0,0,0,0,1,1,0,0,0
160,Frans Hals Museum Hof,517d316a-319f-42e4-9b1b-18f527eca91e,125.0,0,0,0,0,0,0,0,0,1,0,0,0,0,bac4fbe7-56ce-411e-b0fe-08d7f60b9c3e,0,0,0,0,0,0,0,0,0,1,1,0,0,0,0,0,0,1,1,1,0,0,1,0,0,0,0,0,0,0,0,1
161,Galerij Prins Willem V,51e0605c-118c-43ba-b395-a579ef5c2716,160.0,0,0,0,0,0,0,0,0,1,0,0,0,0,e94c6a1a-ad7f-42c2-afc8-08d7f60b9c3e,0,0,0,0,1,0,0,0,0,0,1,1,0,0,0,0,0,0,0,0,0,0,0,0,0,0,0,0,0,0,1,0
162,Centraal Museum,51e2d626-dd45-430a-bf2e-acc0c381857a,398.0,0,0,0,0,0,0,0,0,1,0,0,0,0,87463a2a-2f87-4a74-b0f4-08d7f60b9c3e,0,1,0,0,0,0,0,0,0,0,1,0,0,0,0,0,0,0,0,0,0,0,1,0,0,1,0,0,0,0,0,1
163,Panorama Mesdag,51f2f922-3ec1-4a76-aa53-703e88dd7056,1.995,0,0,0,1,0,0,0,0,0,0,0,0,0,fe2c70b0-3cd4-4da0-b0c8-08d7f60b9c3e,0,0,0,0,0,0,0,0,0,1,1,0,0,0,0,0,0,0,1,1,0,0,1,0,1,0,0,1,0,0,0,0
164,Nederlands Tegelmuseum,5248e557-c948-4103-813a-8ffb30305466,45.0,0,0,0,0,0,0,0,0,0,0,1,0,0,9d04b4ba-cfd5-46ec-b0b6-08d7f60b9c3e,0,0,0,0,0,1,0,0,0,0,1,0,0,0,0,0,1,0,0,0,0,0,1,0,0,1,0,1,0,0,0,1
165,Titus Brandsma Museum,52dd62eb-5226-478b-97bf-2e3c5a4cd1d5,1.0,0,0,0,0,0,1,0,0,0,0,0,0,0,2abf5439-266b-4b52-b147-08d7f60b9c3e,0,0,0,0,0,0,0,0,0,1,0,0,0,0,0,0,1,0,0,0,0,0,0,0,0,1,0,1,0,0,0,0
166,"Museum Nienoord, Borg en Nationaal Rijtuigmuseum",53226f07-3c00-42a5-8bae-ff4c6cfa9747,13.0,0,0,0,1,0,0,0,0,0,0,0,0,0,7c6b516e-a71b-4cd6-b06f-08d7f60b9c3e,0,1,0,0,0,0,0,0,0,0,0,1,0,0,0,0,1,0,0,0,0,0,0,0,0,1,0,1,1,0,0,1
167,TENT,53ac1788-fb5e-4058-9bd0-768a55a5f8db,90.0,0,0,0,0,0,0,0,0,0,0,1,0,0,60b34ec4-5fc0-47a4-b143-08d7f60b9c3e,0,0,0,0,0,0,0,1,0,0,1,1,0,0,0,0,1,0,0,0,0,0,0,0,0,0,0,1,1,0,1,0
168,PreHistorisch Dorp,54f9204e-e6fd-4ea3-a352-84484292b8ba,152.0,0,0,0,0,0,0,1,0,0,0,0,0,0,10546728-f94a-42d7-b0ce-08d7f60b9c3e,0,1,0,0,0,0,0,0,0,0,0,0,0,0,0,0,0,1,1,1,1,1,0,0,1,1,1,1,1,0,0,1
169,Museum Collectie Brands,550e313e-c3f0-406c-b4d3-01dbce024096,212.0,0,0,0,0,0,0,0,0,0,0,1,0,0,dcc11098-a513-4bca-afa5-08d7f60b9c3e,0,1,0,0,0,0,0,0,0,0,1,1,0,0,0,0,1,0,0,0,0,0,1,0,0,1,0,1,1,0,0,0
170,Kasteel Amerongen,55536edf-d8c3-4415-aef5-5ffeb76a2bd5,160.0,0,0,0,0,1,0,0,0,0,0,0,0,0,37c7f18c-5934-42b1-b10a-08d7f60b9c3e,0,0,1,0,0,0,0,0,0,0,1,1,0,0,0,0,0,0,0,0,0,0,0,0,0,0,0,1,0,0,0,1
171,Jenevermuseum,55cdb198-f29d-466f-a4d9-a3a5dc9a3ec5,343.0,0,0,0,0,0,0,0,0,0,0,1,0,0,4e6ce03d-9ed9-446f-b09d-08d7f60b9c3e,0,1,0,0,0,0,0,0,0,0,0,1,0,0,1,0,1,0,0,0,0,0,1,0,0,1,0,1,0,0,0,0
172,Vechtstreekmuseum,55d32557-af64-4a12-8dc3-a03d7f4b7015,8.0,0,0,0,0,0,0,0,0,0,0,1,0,0,2a98e011-2e28-462b-b151-08d7f60b9c3e,0,0,0,0,0,0,0,1,0,0,0,1,0,0,0,0,1,0,0,0,0,0,0,0,0,0,0,1,0,1,0,0
173,Mauritshuis,56518036-a7ca-43fe-b010-2ddfcec6aca3,4.909,0,0,0,0,0,0,0,1,0,0,0,0,0,b8a2711a-fa58-4a67-b025-08d7f60b9c3e,0,0,0,0,0,0,0,1,0,0,1,1,0,0,0,0,0,0,0,0,0,0,1,0,0,0,0,1,1,0,0,1
174,Diamant Museum Amsterdam,566defb3-a8cf-4ce7-bdb7-9c3e08431673,647.0,0,0,0,0,0,0,0,0,0,0,1,0,0,a041c473-a1a4-437f-b0f8-08d7f60b9c3e,0,0,0,0,0,0,0,0,1,0,1,1,0,0,0,0,0,0,0,0,0,0,0,0,0,0,0,1,0,0,0,0
175,Edams Museum,57f29a3f-4202-40b7-b70c-26e1058ff6e1,81.0,0,0,0,1,0,0,0,0,0,0,0,0,0,139a7dd8-eb8c-4556-afba-08d7f60b9c3e,0,0,0,0,0,0,0,0,1,0,0,0,0,0,0,0,1,0,0,0,0,0,0,0,0,0,0,1,0,0,0,0
176,Kasteel Heeswijk,59402691-8308-4222-bc19-7cc9f20e1d88,110.0,0,0,0,0,1,0,0,0,0,0,0,0,0,104be5ad-a60c-4412-b10b-08d7f60b9c3e,0,0,1,0,0,0,0,0,0,0,0,1,0,0,0,0,0,0,0,0,0,0,0,0,0,0,0,1,0,0,0,0
177,Observeum Burgum,5a140fbe-2efc-42e1-ad57-c01ac3a7b409,94.0,0,0,0,0,0,0,0,0,0,0,0,0,1,c5f66505-1e6a-433c-b0be-08d7f60b9c3e,0,0,0,1,0,0,0,0,0,0,1,1,0,1,0,0,1,0,0,0,0,0,0,0,0,1,0,1,0,0,0,0
178,Zaans Museum,5a5ad972-9c28-4116-a0f0-d0eb0072ecca,462.0,0,0,0,0,0,0,0,0,0,0,1,0,0,f5556771-0247-48ee-b137-08d7f60b9c3e,0,0,0,1,0,0,0,0,0,0,0,0,0,0,0,0,1,1,1,1,1,0,1,0,1,1,0,1,0,0,0,1
179,Mondriaanhuis,5adc7674-2255-4d5e-9b88-7d5c22c3a225,185.0,0,0,0,0,0,0,0,0,0,0,1,0,0,2308a390-2073-4d30-b02c-08d7f60b9c3e,0,0,0,0,0,0,0,1,0,0,1,0,0,0,0,0,0,0,0,0,0,0,1,0,0,1,0,0,0,1,0,0
180,Zwanenbroedershuis,5adfb94f-9e56-40b1-a93e-766264de3f02,36.0,1,0,0,0,0,0,0,0,0,0,0,0,0,4af83e58-7dfe-4e39-b16a-08d7f60b9c3e,0,0,0,0,0,0,0,0,0,1,0,1,0,0,0,0,1,0,0,0,0,0,0,0,0,0,0,0,0,0,0,0
181,Museum Jan Heestershuis,5af30925-bf1b-4a98-900a-9e6260e62bee,32.0,0,0,0,0,0,0,0,0,1,0,0,0,0,63215aba-d9a0-4754-b061-08d7f60b9c3e,1,0,0,0,0,0,0,0,0,0,1,0,0,0,0,0,1,0,0,0,0,0,1,0,0,0,0,1,0,0,0,0
182,Museum Gevangenpoort,5c5cf957-3b33-41fc-a8bf-9a89cac607fa,432.0,0,0,0,1,0,0,0,0,0,0,0,0,0,ecc65013-9a7d-47e0-b050-08d7f60b9c3e,0,0,0,0,0,0,1,0,0,0,0,1,0,0,0,0,0,0,0,0,0,0,0,0,0,0,0,0,0,0,1,0
183,Zoutmuseum,5cafb679-70fe-456c-9bdd-ca82161db028,41.0,0,0,0,0,0,0,0,0,0,0,1,0,0,5e76c893-07cb-4f24-b168-08d7f60b9c3e,0,0,0,1,0,0,0,0,0,0,0,1,0,0,0,0,1,0,0,0,0,0,0,0,0,0,0,1,0,0,0,0
184,De Pont museum,5cbb52ae-63f9-482f-a80f-b6064c09269a,318.0,0,0,0,0,0,0,0,0,0,0,1,0,0,f5702887-8f6a-442c-afb2-08d7f60b9c3e,1,0,0,0,0,0,0,0,0,0,1,0,0,0,0,0,0,0,0,0,0,0,1,0,0,1,0,1,0,0,0,1
185,Limburgs Museum,5ea552c8-0db1-4e75-b6b0-d5b5933a5f2f,149.0,0,0,0,0,0,0,0,0,0,0,0,0,0,d94f86c2-f2db-4cd5-b017-08d7f60b9c3e,0,1,0,0,0,0,0,0,0,0,0,1,0,0,0,1,0,1,1,1,1,0,1,0,1,1,0,0,1,0,1,1
186,Museon,5ebaa739-b1a4-443b-9cde-6c0b18e81607,271.0,0,0,0,0,0,0,0,0,0,0,1,0,0,75d022b1-01ae-43ee-b02f-08d7f60b9c3e,0,1,0,0,0,0,0,0,0,0,0,1,0,2,1,1,0,1,1,1,1,0,1,0,0,0,0,1,1,0,1,1
187,Landgoed Verhildersum Leens,604ccf12-39aa-441f-838d-166aa1a1b220,15.0,0,0,0,0,0,0,0,0,0,0,1,0,0,57ff86fd-c469-4db7-b111-08d7f60b9c3e,0,1,0,0,0,0,0,0,0,0,0,0,0,0,0,0,1,0,0,0,0,0,1,0,0,0,0,1,0,0,0,1
188,Museum Techniek met 'n Ziel,6051ad13-cdb3-4e0b-9d6c-24c6f60cd900,7.0,0,0,0,0,0,0,0,0,0,0,1,0,0,d8a364d2-b74c-4e93-b175-08d7f60b9c3e,0,1,0,0,0,0,0,0,0,0,0,0,0,0,1,0,1,0,0,0,0,0,0,0,0,1,0,0,1,0,0,0
189,Streekmuseum Etten Leur,60780e37-d503-4b56-b1d5-a46c2358eb41,0.0,0,0,0,1,0,0,0,0,0,0,0,0,0,bc58c8db-9d76-4ba5-b13d-08d7f60b9c3e,0,0,0,0,0,0,0,0,0,1,0,1,0,0,0,1,1,0,0,0,0,0,1,0,0,0,0,1,1,0,1,0
190,Kunstmuseum Den Haag,60dcdaf1-a16f-4a63-877b-1734d0e74d8d,1.5759999999999998,0,0,0,0,0,0,0,0,1,0,0,0,0,72ac4416-ac92-4533-b0ff-08d7f60b9c3e,0,0,0,0,0,0,0,1,0,0,1,0,0,0,0,0,1,1,1,1,1,0,1,0,0,0,0,0,0,0,0,0
191,Bakkerijmuseum De Oude Bakkerij,61b12cb1-03ba-4818-b2a1-031d93ae56b1,43.0,0,0,0,0,0,0,0,0,0,0,1,0,0,c2f520eb-4ac3-4bef-af96-08d7f60b9c3e,0,0,0,0,1,0,0,0,0,0,0,1,0,0,0,0,0,0,0,0,0,0,0,0,0,1,0,1,0,0,0,0
192,Villa Mondriaan,61c3b199-0b58-4ebb-922c-f483f61a1e77,68.0,0,0,0,0,0,0,0,0,0,0,1,0,0,737d2f6d-caab-4cc0-b176-08d7f60b9c3e,0,0,0,0,0,0,0,1,0,0,1,0,0,0,0,0,1,0,0,0,0,0,1,0,0,0,0,1,0,1,0,0
193,Graafs Museum,61de31c6-e1a1-41e6-aca7-9a593e331c42,9.0,0,0,0,1,0,0,0,0,0,0,0,0,0,3209e2e1-3d56-412f-afd3-08d7f60b9c3e,0,0,0,0,0,0,1,0,0,0,0,0,0,0,0,0,1,0,0,0,0,0,0,0,0,0,0,1,1,0,1,0
194,mij | museum ijsselstein,621c0554-f8d1-454c-9218-e60683a536ee,20.0,0,0,0,0,0,0,0,0,1,0,0,0,0,d75bb927-63b7-46f5-b028-08d7f60b9c3e,0,0,0,0,0,0,1,0,0,0,1,1,0,0,0,0,1,0,0,0,0,0,1,0,0,1,0,1,1,0,1,0
195,Muzee Scheveningen,62f190ca-41de-480a-ba5c-6ca051442879,128.0,0,0,0,0,0,0,0,0,0,0,1,0,0,60d2f125-fe3b-4b6a-b094-08d7f60b9c3e,0,0,0,1,0,0,0,0,0,0,0,1,0,1,0,0,0,0,0,0,0,0,0,0,0,1,0,1,0,0,0,0
196,De Hollandsche Manege,630f0ad9-d790-4a77-a847-e7acb31be6d8,79.0,0,0,1,0,0,0,0,0,0,0,0,0,0,d5814aeb-00e7-4763-b172-08d7f60b9c3e,0,0,0,0,0,1,0,0,0,0,0,1,0,1,0,0,1,0,0,0,0,0,0,0,0,0,1,0,0,0,1,1
197,Grachtenmuseum Amsterdam,64669da3-83b4-421d-a306-4f0c6669d7db,693.0,0,0,0,0,0,0,0,0,1,0,0,0,0,4c36e35e-96d1-4f1a-b103-08d7f60b9c3e,0,0,0,0,0,0,0,0,1,0,1,1,0,0,0,0,0,0,0,0,0,0,1,0,0,0,0,0,1,0,0,0
198,Flessenscheepjesmuseum,64c5b44f-cb1a-4746-83f7-431c4f7050f9,498.0,0,0,0,0,0,0,0,0,0,0,1,0,0,90b00a0e-af43-464c-afbe-08d7f60b9c3e,0,0,0,0,0,0,0,0,0,1,0,1,1,0,0,0,1,0,0,0,0,0,0,0,0,1,0,1,0,0,0,0
199,Frans Hals Museum Hal,64da5853-9fae-4bd1-a0e0-47a7c0e0db09,125.0,0,0,0,0,0,0,0,0,1,0,0,0,0,61346d0a-da7a-4543-b0fd-08d7f60b9c3e,0,0,0,0,0,0,0,0,0,1,1,0,0,0,0,0,0,0,0,0,0,0,1,0,0,0,0,1,0,0,1,0
200,Cube Design Museum,673dafbb-e461-4ffb-ab3c-f857358c77a7,52.0,0,0,0,0,0,0,0,0,0,0,0,0,1,ede3b06d-1b12-4fe2-b16e-08d7f60b9c3e,0,0,0,0,0,0,0,0,0,1,1,0,0,0,0,0,0,0,0,0,0,0,1,0,0,0,0,1,1,0,1,1
201,Internationaal Klompenmuseum,67824b43-085b-4341-9313-f8f44563f917,2.0,0,0,0,1,0,0,0,0,0,0,0,0,0,2d42077b-151a-4cf6-aff8-08d7f60b9c3e,0,1,0,0,0,0,0,0,0,0,0,0,0,0,0,0,1,0,0,0,1,0,0,0,0,1,0,1,0,0,0,0
202,Museum Catharijneconvent,682197a8-0359-4094-8281-ffa059de480f,310.0,0,0,0,1,0,0,0,0,0,0,0,0,0,e4ab330e-23bc-46d0-b03a-08d7f60b9c3e,0,1,0,0,0,0,0,0,0,0,1,0,0,0,0,0,0,0,0,0,0,0,1,0,0,1,0,1,1,0,1,1
203,Bonnefanten,683844c9-9eb9-4adc-9f21-910cbeebe9dc,479.0,0,0,0,0,0,0,0,0,1,0,0,0,0,381f0ad1-fdce-44e5-af9d-08d7f60b9c3e,1,0,0,0,0,0,0,0,0,0,1,0,0,0,0,0,0,1,1,1,1,0,1,0,0,0,0,1,0,0,0,1
204,Museum Weesp,689733f3-0f0a-411d-b5b4-a33dd39639f0,18.0,0,0,0,1,0,0,0,0,0,0,0,0,0,2e4be84a-13f2-4949-b08c-08d7f60b9c3e,1,0,0,0,0,0,0,0,0,0,0,1,0,0,0,0,1,0,0,0,0,0,1,0,0,1,0,1,1,0,1,0
205,Anton Pieck Museum,68c00e09-7dd1-4002-a7c5-8aa69d3c589e,83.0,0,0,0,0,0,0,0,0,1,0,0,0,0,9845f01b-e51a-423c-af92-08d7f60b9c3e,0,0,0,0,0,1,0,0,0,0,1,0,0,0,0,0,0,0,0,0,0,0,1,0,0,0,0,0,1,0,0,0
206,Nationaal Baggermuseum,69295701-69e0-47c2-89c5-1586e4f3f64a,16.0,0,0,0,0,0,0,0,0,0,0,1,0,0,21a1b5bd-4a91-41d5-b096-08d7f60b9c3e,0,0,0,1,0,0,0,0,0,0,0,0,1,0,0,0,1,1,1,1,1,0,1,0,1,1,0,1,0,0,0,0
207,Bevrijdingsmuseum Zeeland,6a361bf8-811f-4b1f-889c-b6035e1aadb1,43.0,0,0,0,0,0,0,0,0,0,0,1,0,0,5802b791-6451-4a90-af9a-08d7f60b9c3e,0,0,0,0,0,1,0,0,0,0,0,1,0,0,0,0,0,0,0,0,0,0,0,0,0,0,0,0,0,0,0,0
208,Louwman Museum,6add9957-7a8c-469f-83da-ff169b0f2050,1.9409999999999998,0,0,0,0,0,0,0,0,0,0,1,0,0,81c56c03-5e34-4eb4-b01b-08d7f60b9c3e,0,1,0,0,0,0,0,0,0,0,0,1,0,0,1,0,0,0,0,0,0,0,1,0,0,0,0,1,1,0,1,1
209,Museum Romeinse Katakomben,6b461af0-14c9-4237-9f22-1b60d7452aea,174.0,0,0,1,0,0,0,0,0,0,0,0,0,0,0be0f57c-c91a-49a9-b076-08d7f60b9c3e,0,0,0,0,0,0,1,0,0,0,0,0,0,0,0,0,1,0,0,0,0,0,0,0,0,0,0,1,0,0,0,0
210,Universiteitsmuseum Utrecht,6ba07d19-806f-4d76-b580-c15b8d5e5157,122.0,0,0,0,0,0,0,0,0,0,0,1,0,0,627b9d62-e205-4f00-b14d-08d7f60b9c3e,0,0,0,1,0,0,0,0,0,0,0,1,0,1,0,0,0,1,1,1,1,0,0,0,0,0,0,1,0,0,0,1
211,Historisch Museum De Bevelanden,6c17c8de-2dd0-4670-b55d-402b84e26787,32.0,0,1,0,0,0,0,0,0,0,0,0,0,0,8417472b-cf0c-4a4f-afe7-08d7f60b9c3e,0,0,0,0,1,0,0,0,0,0,1,1,0,0,0,0,0,0,1,1,0,0,1,0,1,1,0,1,0,0,0,0
212,Nationaal Onderwijsmuseum,6d4868c9-74a6-41f4-8c23-cabe36c82361,63.0,0,0,0,0,0,0,1,0,0,0,0,0,0,408565e1-71ac-4656-b0a2-08d7f60b9c3e,0,0,0,0,0,1,0,0,0,0,0,1,0,0,0,0,0,0,1,1,0,0,1,0,0,1,0,0,0,0,0,0
213,Liemers Museum,6d57096e-0987-4a5d-8550-12422e46c012,5.0,0,0,0,0,0,0,0,0,1,0,0,0,0,131fe1c8-d6ab-40c0-b016-08d7f60b9c3e,0,1,0,0,0,0,0,0,0,0,1,1,0,1,0,0,1,0,0,0,0,0,0,0,0,1,0,1,0,0,0,0
214,Museum Lunteren,6e1059f5-43f9-4114-ac92-32d90300f0cc,42.0,0,0,0,1,0,0,0,0,0,0,0,0,0,52d7b5b7-0a9a-45a3-b06a-08d7f60b9c3e,0,0,0,0,0,0,1,0,0,0,0,0,0,0,0,0,1,0,0,0,0,0,0,0,0,1,0,1,0,0,0,0
215,Museum Zaanse Tijd,6e72a9c5-744a-422a-aa18-e81f6b6ac631,462.0,0,0,0,0,0,0,0,0,0,0,1,0,0,029ddc69-915e-426a-b08f-08d7f60b9c3e,0,0,0,1,0,0,0,0,0,0,0,1,0,0,0,0,0,0,0,0,0,0,0,0,0,1,0,1,0,0,0,0
216,Allard Pierson,6ed658b1-4ce7-4df9-9472-4b0271d044a3,167.0,0,0,0,1,0,0,0,0,0,0,0,0,0,bc2cae4b-6dbf-4392-af8f-08d7f60b9c3e,0,0,0,0,0,0,0,0,1,0,0,0,0,0,0,0,0,1,1,1,0,0,1,0,0,0,0,0,1,0,0,1
217,Czaar Peterhuisje,6ef0942d-d378-498c-a851-fd416f754954,177.0,0,0,0,0,0,0,0,0,0,0,1,0,0,33eaa9e8-e868-4dfa-afab-08d7f60b9c3e,0,1,0,0,0,0,0,0,0,0,0,0,0,0,0,0,1,0,0,0,0,0,0,0,0,0,0,1,0,0,1,0
218,Groninger Museum,71728b2c-4b17-4855-8663-98a7788acaf0,1.344,0,0,0,0,0,0,0,0,1,0,0,0,0,200db72d-b39c-4578-afd5-08d7f60b9c3e,1,0,0,0,0,0,0,0,0,0,1,0,0,0,0,0,0,1,1,1,0,0,1,0,1,1,0,1,1,0,0,1
219,Museum Het Warenhuis - Axel,71d2e340-ddc9-4ba0-ab18-7bf255c79f6b,27.0,0,0,0,0,0,0,0,0,1,0,0,0,0,5bab82ef-71f2-4b49-b0f5-08d7f60b9c3e,0,1,0,0,0,0,0,0,0,0,1,1,0,0,0,0,1,0,0,0,0,0,0,0,0,0,0,1,0,0,0,0
220,Koninklijk Eise Eisinga Planetarium,72ac8fe8-829b-4633-8e72-be04100017ed,360.0,0,0,0,0,0,0,0,0,0,0,0,0,1,b4b47e81-322c-45d3-b10e-08d7f60b9c3e,0,0,0,0,0,0,0,0,0,1,0,1,0,0,0,0,0,0,0,0,0,0,0,0,0,1,0,1,0,0,0,0
221,Huis Verwolde,742e5925-2496-45d7-a5a8-4f5925dbb2b6,14.0,1,0,0,0,0,0,0,0,0,0,0,0,0,45285e8e-f689-4b55-aff2-08d7f60b9c3e,0,1,0,0,0,0,0,0,0,0,0,0,0,1,0,0,0,0,0,0,0,0,0,0,0,0,0,1,0,0,0,0
222,Museum Tot Zover,7433df02-7eee-40bc-a5c5-98fb3373fbc9,29.0,0,0,0,0,0,0,0,0,0,0,1,0,0,9d77abca-f4d7-4842-b126-08d7f60b9c3e,0,0,0,0,0,1,0,0,0,0,0,1,0,0,0,0,1,0,0,0,0,0,1,0,0,0,0,0,0,0,1,1
223,Oudheidkamer Texel,755e1f8c-0fbf-4859-83f6-b2aafa24e349,5.0,0,0,0,1,0,0,0,0,0,0,0,0,0,7d20fcb9-b21a-4ce1-b0c4-08d7f60b9c3e,0,0,0,0,0,0,1,0,0,0,0,0,0,0,0,0,1,0,0,0,0,0,0,0,0,0,0,1,0,0,0,0
224,Nationaal Glasmuseum,75ec946e-e708-4c76-8fd9-4106e9680283,88.0,0,0,0,0,0,0,0,0,0,0,1,0,0,02b3e2a4-4f99-4c53-b09b-08d7f60b9c3e,0,0,0,1,0,0,0,0,0,0,1,0,0,0,1,0,0,0,0,0,0,0,1,0,0,0,0,1,0,0,1,0
225,Kasteel Ammersoyen,76abee38-93a0-49c0-95e1-eab3cbe23044,45.0,0,0,0,0,1,0,0,0,0,0,0,0,0,08ff98bb-801f-467c-affd-08d7f60b9c3e,0,0,1,0,0,0,0,0,0,0,0,0,0,0,0,0,0,0,0,0,0,0,0,0,0,0,0,1,0,0,0,0
226,Museum Henriette Polak,770fa717-5ed6-4ab2-ba57-5b18a817b497,37.0,0,0,0,0,0,0,0,0,0,0,1,0,0,7bb6f9ab-2433-424b-b056-08d7f60b9c3e,1,0,0,0,0,0,0,0,0,0,1,0,0,0,0,0,0,0,0,0,0,0,1,0,0,0,0,1,1,0,1,0
227,Huizer Museum,778fb79a-2b1c-4696-8909-018dee25142a,15.0,0,0,0,1,0,0,0,0,0,0,0,0,0,c84363e2-5a8d-438d-b107-08d7f60b9c3e,0,0,0,0,0,0,1,0,0,0,1,1,0,0,0,0,1,0,0,0,0,0,0,0,0,0,0,1,1,0,0,0
228,Openbaar Vervoer & Speelgoed Museum Doetinchem,77b88782-7ebf-4e66-b1b5-a12b91f8eea1,8.0,0,0,0,0,0,0,0,0,0,0,1,0,0,9833b7f2-814b-4a61-b0c0-08d7f60b9c3e,1,0,0,0,0,0,0,0,0,0,0,1,0,0,1,0,1,0,0,0,0,0,1,0,0,0,0,1,0,0,0,0
229,Museum Kaap Skil,77dc3244-2ab9-4340-bb76-d29401097a09,212.0,0,0,0,0,0,0,0,0,0,0,1,0,0,fed39831-acfb-4b69-b064-08d7f60b9c3e,0,0,0,1,0,0,0,0,0,0,0,0,1,0,0,0,0,1,1,1,0,0,1,0,1,0,0,0,0,0,0,0
230,Rijksmuseum Amsterdam,7810d0eb-0034-457b-9cf7-ae7aa21e104f,46.619,0,0,0,0,0,0,0,0,1,0,0,0,0,add6b166-5040-4547-b12a-08d7f60b9c3e,0,1,0,0,0,0,0,0,0,0,1,1,1,0,0,0,0,1,1,1,1,0,1,0,0,1,0,1,1,1,0,1
231,Design Museum Den Bosch,783538c2-21d3-4a79-9830-01b9ae3812b9,55.0,0,0,0,0,0,0,0,0,0,0,1,0,0,0f9ebafc-5091-4c0d-afb4-08d7f60b9c3e,0,0,0,0,1,0,0,0,0,0,1,0,0,0,0,0,0,0,0,0,0,0,1,0,0,1,0,1,0,0,0,1
232,De Looierij,798b12be-0127-4f41-91df-1a5e71af1e37,16.0,0,1,0,0,0,0,0,0,0,0,0,0,0,e357e488-fdaf-4595-b041-08d7f60b9c3e,0,1,0,0,0,0,0,0,0,0,1,0,0,0,1,0,1,0,0,0,0,0,0,0,0,1,0,1,1,0,1,0
233,Museum De Voorde,7a27d9cd-4c8e-41d0-88c4-e0dafb39f84b,1.0,0,0,0,0,0,0,0,0,0,0,0,0,1,df911df5-7fe0-40d5-b044-08d7f60b9c3e,0,0,0,0,0,1,0,0,0,0,0,0,0,0,0,0,1,0,0,0,0,0,0,0,0,0,0,1,0,0,1,0
234,Batavialand,7a2966b5-97fa-4cd3-9408-9e415182ca4e,49.0,0,0,0,1,0,0,0,0,0,0,0,0,0,abfce20a-a3bc-456d-b0fa-08d7f60b9c3e,0,0,0,1,0,0,0,0,0,0,0,1,1,0,0,0,0,1,1,1,1,0,1,0,0,0,0,1,0,0,0,1
235,Museum Willet-Holthuysen,7a6bb20e-440e-428d-a735-e417b43aa8a9,158.0,0,0,0,1,0,0,0,0,0,0,0,0,0,4de8a7b1-c1dd-4a4d-b08e-08d7f60b9c3e,0,0,0,0,0,0,0,0,1,0,1,1,0,0,0,0,0,0,0,0,0,0,0,0,0,0,0,0,0,0,1,0
236,Fotomuseum Den Haag,7b137589-30ad-453e-8313-7feeba7c3d51,179.0,0,0,0,0,0,0,0,0,0,0,1,0,0,a7e3ace4-11cc-4c1a-afc2-08d7f60b9c3e,0,0,0,0,1,0,0,0,0,0,1,0,0,0,0,0,0,0,0,0,0,0,1,0,0,0,0,0,0,0,0,0
237,Museum van de 20e Eeuw,7b4c1d7c-477e-4343-bf11-01cdda92312f,258.0,0,0,0,0,0,0,0,0,0,0,1,0,0,c764c5bc-7ccf-428f-b084-08d7f60b9c3e,1,0,0,0,0,0,0,0,0,0,0,1,0,0,0,0,0,0,1,1,1,0,1,0,0,0,0,1,1,0,1,1
238,Musiom,7c33a0e2-a4f6-466a-87b0-533b4aad2e91,11.0,0,0,0,0,0,0,0,0,1,0,0,0,0,336d9069-17b4-4bf0-b171-08d7f60b9c3e,0,0,0,0,0,0,0,1,0,0,1,0,0,0,0,0,1,0,0,0,0,0,0,0,0,0,0,1,0,0,1,0
239,Vrijheidsmuseum,7c932277-8623-41f0-b656-29e7488182fb,184.0,0,0,0,1,0,0,0,0,0,0,0,0,0,bfb43da3-7625-40d6-b097-08d7f60b9c3e,1,0,0,0,0,0,0,0,0,0,0,0,0,0,0,0,1,0,0,0,0,0,1,0,0,0,0,0,0,0,0,0
240,NEST,7d01d3c1-913a-4641-8d51-610bbcc3eb37,144.0,0,0,0,1,0,0,0,0,0,0,0,0,0,8579e91d-8126-4f00-b128-08d7f60b9c3e,0,0,0,0,0,0,0,1,0,0,1,0,0,0,0,0,1,0,0,0,0,0,0,0,0,0,0,0,0,0,0,0
241,Noordelijk Scheepvaartmuseum,7da23277-bdc1-4a3e-95e0-598a74af2bb8,155.0,0,0,0,0,0,0,0,0,0,0,1,0,0,4cc91c51-906e-4791-b0bc-08d7f60b9c3e,1,0,0,0,0,0,0,0,0,0,0,0,1,0,0,0,0,0,0,0,0,0,0,0,0,1,0,0,0,0,0,0
242,Volendams Museum,7e0dd85c-797b-4168-ba79-e3f70cd5ca1b,176.0,0,0,0,0,0,0,0,0,0,0,1,0,0,4e863e24-86fe-479c-b133-08d7f60b9c3e,0,1,0,0,0,0,0,0,0,0,1,1,0,0,0,0,0,0,0,0,0,0,0,0,0,0,0,1,1,0,0,0
243,Museum Boijmans Van Beuningen,7e411587-1b9d-44f9-ada4-5305bea2798e,1.331,0,0,0,0,0,0,0,0,0,0,1,0,0,5e7d87c1-3f55-4409-b034-08d7f60b9c3e,0,0,0,0,0,0,0,0,0,1,1,0,0,0,0,0,0,0,0,0,0,0,0,0,0,1,0,1,1,0,1,1
244,Museum Krona,7e8f969b-8f8b-4950-8028-f80b4a19c0db,997.0,0,0,0,0,0,0,0,0,0,0,1,0,0,bf08d27c-6859-4397-b121-08d7f60b9c3e,0,0,0,0,0,0,0,1,0,0,1,1,0,0,0,0,1,1,1,1,0,0,1,0,0,1,0,1,1,0,0,0
245,Openluchtmuseum Eynderhoof,7f1aa9cb-0a67-4088-b376-e287b1082b3b,63.0,0,0,0,0,0,0,0,0,0,0,1,0,0,4999f725-f737-4666-b018-08d7f60b9c3e,0,1,0,0,0,0,0,0,0,0,0,0,0,0,0,0,0,0,0,0,0,0,0,0,0,0,1,1,0,0,0,0
246,Foam Fotografiemuseum Amsterdam,8061314a-3e6b-48fe-9f8e-73d62660147d,819.0,0,0,0,0,0,0,0,0,1,0,0,0,0,304bfa83-c902-48bc-afc1-08d7f60b9c3e,0,0,0,0,0,0,0,1,0,0,1,0,0,0,0,0,0,0,1,1,0,0,1,0,1,0,0,0,0,0,0,1
247,Kasteel Duivenvoorde,80a37d9f-37d1-466f-96c2-b65044666fbe,76.0,0,0,0,0,1,0,0,0,0,0,0,0,0,1d0bc83d-883e-40a4-b001-08d7f60b9c3e,0,0,1,0,0,0,0,0,0,0,0,0,0,0,0,0,1,0,0,0,0,0,0,0,0,0,0,1,0,0,0,1
248,Industrieel Museum Zeeland,80d22ad4-79ea-4688-97ec-4c93dc366e48,20.0,0,0,0,1,0,0,0,0,0,0,0,0,0,0af2f9c3-cdb5-4430-b109-08d7f60b9c3e,0,0,0,0,0,0,1,0,0,0,0,0,0,0,1,0,1,0,0,0,0,0,1,0,0,0,0,1,1,0,0,0
249,Museum van Egmond,810e8ace-0c20-4d65-b2c0-e1ad4ae0c60d,23.0,0,0,0,0,0,0,0,0,0,0,1,0,0,ab402d83-973f-47f3-b086-08d7f60b9c3e,0,0,0,1,0,0,0,0,0,0,0,0,0,0,0,0,1,0,0,0,0,0,0,0,0,1,0,0,1,0,0,0
250,Museum de Kantfabriek,832cd1d6-c933-4279-8ae6-1e3fa38853a2,20.0,0,0,0,1,0,0,0,0,0,0,0,0,0,b53407e6-c35d-4cf3-b115-08d7f60b9c3e,0,0,0,0,0,0,1,0,0,0,0,1,0,0,1,0,1,0,0,0,0,0,0,0,0,0,0,1,1,1,1,0
251,Kasteel Het Nijenhuis,85cac575-f2a0-4260-9aa2-baca96d38f3b,49.0,0,0,0,0,1,0,0,0,0,0,0,0,0,bdb31046-d19b-430b-b03d-08d7f60b9c3e,0,0,1,0,0,0,0,0,0,0,1,0,0,0,0,0,0,0,0,0,0,0,0,0,0,0,0,1,0,0,1,0
252,Dordrechts Museum,85f6a07b-2a79-4b74-9c35-19a9e0ccfb9e,355.0,0,0,0,0,0,0,0,0,1,0,0,0,0,5c44edf1-2457-4142-afb7-08d7f60b9c3e,1,0,0,0,0,0,0,0,0,0,1,0,0,0,0,0,0,1,1,1,0,0,1,0,0,1,0,1,0,0,0,0
253,Grote Kerk Alkmaar,8631ec67-dd0c-44b2-bb33-d4711b1ceb1a,246.0,0,0,0,0,0,0,0,0,0,0,0,0,0,073246ce-5208-43c7-afaf-08d7f60b9c3e,0,0,0,1,0,0,0,0,0,0,0,1,0,0,0,0,0,0,0,0,0,0,0,0,0,0,0,1,0,0,1,0
254,Feyenoord Museum,86530fe9-05f8-4d04-8aae-1a59202425e8,511.0,0,0,0,0,0,0,0,0,0,0,0,0,0,61a12854-c990-42f8-b0fb-08d7f60b9c3e,0,0,0,1,0,0,0,0,0,0,0,1,0,0,0,0,1,0,0,0,0,0,0,0,0,0,1,1,0,0,0,1
255,Stadskasteel Zaltbommel,86ce2124-88f3-4fce-b174-20b61d0bdaaa,24.0,0,0,0,0,0,0,0,0,0,0,1,0,0,d745a2d0-4f5d-4b66-b11c-08d7f60b9c3e,0,0,0,0,1,0,0,0,0,0,1,1,0,0,0,0,1,0,0,0,0,0,1,0,0,1,0,1,0,0,0,0
256,Museum Nairac,8743beac-5f97-4417-b3c5-b2797057afec,10.0,0,0,0,0,0,0,0,0,0,0,1,0,0,0407f434-cc20-4236-b06d-08d7f60b9c3e,0,0,0,0,0,0,1,0,0,0,1,1,0,0,0,0,1,0,0,0,0,0,1,0,0,0,0,1,0,0,0,0
257,Chabot Museum,878343ed-4a2c-44e9-bd89-998e67720b2d,53.0,0,0,0,0,0,0,0,0,1,0,0,0,0,bc258bc4-0e1f-424f-afa2-08d7f60b9c3e,1,0,0,0,0,0,0,0,0,0,1,0,0,0,0,0,1,0,0,0,0,0,1,0,0,0,0,1,0,0,1,0
258,Museum Martena,87b2cce5-2b71-4838-90cc-85ed7f345937,55.0,0,0,0,0,0,0,0,0,0,0,1,0,0,dc512f81-2c90-4737-b06b-08d7f60b9c3e,1,0,0,0,0,0,0,0,0,0,1,1,0,0,0,0,1,0,0,0,0,0,1,0,0,0,0,1,1,0,0,0
259,Museum Abdijkerk,890092e9-15a8-431f-ad8b-2e8c0b4a1377,20.0,0,0,0,0,0,1,0,0,0,0,0,0,0,b52ca443-8010-4262-b031-08d7f60b9c3e,0,0,0,0,0,0,0,0,1,0,0,1,0,0,0,0,0,0,0,0,0,0,0,0,0,0,0,1,0,0,0,0
260,West Den Haag,898f1dfc-f868-44a0-8389-eb6b79d2e0c5,3.0,0,0,0,0,0,0,0,0,1,0,0,0,0,a4edd1a3-ac28-4a22-b136-08d7f60b9c3e,0,0,0,0,0,0,0,1,0,0,1,0,0,0,0,0,1,0,0,0,0,0,1,0,0,0,0,0,0,0,0,0
261,De Glasblazerij,8a69c954-70b7-4db9-9185-6737eb63640b,51.0,0,0,0,0,0,0,0,0,0,0,1,0,0,4ef61f65-711c-4d3f-afae-08d7f60b9c3e,0,0,0,0,0,0,1,0,0,0,1,0,0,0,1,0,0,0,0,0,0,0,0,0,0,0,0,0,0,0,0,0
262,Stadsmuseum Rhenen,8ad14ab1-1948-468c-9a63-7094f85cd1bc,25.0,0,0,0,1,0,0,0,0,0,0,0,0,0,6c6084b6-48be-4037-b0e5-08d7f60b9c3e,0,0,0,1,0,0,0,0,0,0,1,1,0,0,0,0,1,0,0,0,0,0,1,0,0,0,0,0,1,0,0,0
263,Stedelijk Museum Schiedam,8b41c423-33f1-47d4-820f-cb0f4e1392fd,92.0,0,0,0,0,0,0,0,0,0,0,1,0,0,3a9c71b2-7833-490d-b12f-08d7f60b9c3e,1,0,0,0,0,0,0,0,0,0,1,0,0,0,0,0,0,0,0,0,0,0,1,0,0,0,0,1,1,0,0,0
264,Japanmuseum SieboldHuis,8bb5d8e6-f32c-402b-b482-fc69ca39b6d3,141.0,0,0,0,0,0,0,0,0,0,0,1,0,0,7a19f329-b3dd-4e62-aff9-08d7f60b9c3e,0,0,0,1,0,0,0,0,0,0,1,0,0,0,0,0,0,0,0,0,0,0,1,0,0,0,0,1,0,0,0,0
265,Kranenburgh,8c34f8b3-6487-4a08-a6ba-f5afa61aea72,140.0,0,0,0,0,0,0,0,0,0,0,0,0,0,c40acdbc-53b8-4304-b10f-08d7f60b9c3e,0,0,0,0,0,0,0,1,0,0,1,0,0,0,0,0,0,1,1,1,0,0,1,0,0,0,0,1,0,0,0,0
266,Museum 't Oude Slot,8f9a43db-d28a-4857-b4e5-2f128210a7ee,1.0,0,0,0,0,0,0,0,0,1,0,0,0,0,cde5d631-c809-41af-b082-08d7f60b9c3e,0,0,0,0,0,0,1,0,0,0,1,1,0,0,0,0,0,0,0,0,0,0,0,0,0,1,0,1,1,0,0,0
267,Vleeshal,8fad50cc-1285-4f27-8a1d-9d2395dff367,125.0,0,0,0,0,0,0,0,0,1,0,0,0,0,928d378a-21da-4323-b0f0-08d7f60b9c3e,0,0,0,0,0,0,0,1,0,0,1,0,0,0,0,0,1,0,0,0,0,0,1,0,0,0,0,1,0,0,0,0
268,Nederlands Zilvermuseum,8fae9e9b-5c62-477b-9ccc-d9d3ec1d695c,80.0,0,0,0,0,0,0,0,0,0,0,1,0,0,848ac65a-6bf9-4122-b0b8-08d7f60b9c3e,0,0,0,1,0,0,0,0,0,0,1,1,0,0,0,0,0,1,1,1,1,0,1,0,1,1,0,1,1,0,0,1
269,Streekmuseum Veldzicht,90006235-c0cb-44f3-9b3b-cbdab208f562,9.0,0,0,0,0,0,0,0,0,0,0,1,0,0,290640fa-ca6f-4825-b140-08d7f60b9c3e,0,0,0,0,0,0,1,0,0,0,1,1,0,0,0,0,1,0,0,0,0,0,0,0,0,0,0,0,0,0,0,0
270,Museum Ons' Lieve Heer op Solder,90ebf3e8-d8ee-4b3b-9e62-3a17130bf3bf,3.307,0,0,0,0,0,0,0,0,0,0,1,0,0,adf31997-7479-49cb-b071-08d7f60b9c3e,0,0,0,0,0,0,0,0,1,0,1,1,0,0,0,0,0,0,1,1,0,0,1,0,1,0,0,0,0,0,0,0
271,Museum Het Bolwerk,90f38d1a-ff33-4241-9b7f-1ced4a707fda,5.0,0,0,0,1,0,0,0,0,0,0,0,0,0,3b009c2e-4e5d-4f98-b102-08d7f60b9c3e,0,1,0,0,0,0,0,0,0,0,0,1,0,0,0,0,1,0,0,0,0,0,0,0,0,0,0,1,0,0,0,0
272,Streek & Landbouwmuseum Goemanszorg,9231914a-1dac-4afe-b28a-cc37ee7c5bfd,11.0,0,0,0,0,0,0,0,0,0,0,1,0,0,38aaea1c-5e03-4fc2-b139-08d7f60b9c3e,0,1,0,0,0,0,0,0,0,0,1,1,0,1,1,0,1,0,0,0,0,0,1,0,0,0,0,1,1,0,0,1
273,Museum Van Loon,92652b8f-7600-4bee-8640-1c40b21a32cf,950.0,0,0,1,0,0,0,0,0,0,0,0,0,0,c5f937ae-c7aa-43d4-b087-08d7f60b9c3e,0,0,0,0,0,0,0,0,1,0,1,1,0,0,0,0,0,0,0,0,0,0,0,0,0,0,0,0,0,0,1,0
274,Museum Vekemans,92a78cc5-2d70-4c73-bc86-b927906fae70,12.0,0,0,0,1,0,0,0,0,0,0,0,0,0,2d13e51a-6c09-49c1-b120-08d7f60b9c3e,0,0,0,1,0,0,0,0,0,0,0,0,0,0,0,0,1,0,0,0,0,0,0,0,0,1,0,1,0,0,0,0
275,Elisabeth Weeshuis Museum,92a87b6a-4b73-4d77-a81b-4d4501893c4e,24.0,0,0,0,0,0,0,1,0,0,0,0,0,0,efbab6d2-779c-4ad6-afbb-08d7f60b9c3e,0,0,0,0,1,0,0,0,0,0,0,1,0,0,0,0,1,1,1,1,1,0,1,0,0,0,0,1,0,0,0,0
276,Beeld en Geluid,92f68db4-1a4e-4847-990b-9710c4696e9a,390.0,0,0,0,0,0,0,0,0,0,0,1,0,0,00a12e8d-f885-4a76-b0af-08d7f60b9c3e,0,0,0,1,0,0,0,0,0,0,1,1,0,0,1,0,1,0,1,1,0,0,1,0,0,0,0,0,0,0,0,0
277,Nationaal Tinnen Figuren Museum,93062e20-901e-46a2-b1f4-107cd82e7ed5,17.0,0,0,0,1,0,0,0,0,0,0,0,0,0,ba81f810-52ff-4c85-b0a4-08d7f60b9c3e,0,0,0,1,0,0,0,0,0,0,1,1,0,0,0,0,1,0,0,0,0,0,1,0,0,1,0,1,0,0,0,0
278,Singer Laren,937d7d96-ccc0-4131-b26a-b37969c68770,221.0,0,0,0,0,0,0,0,0,0,0,1,0,0,93f5ebd8-d47d-4432-b0d7-08d7f60b9c3e,0,0,0,0,0,0,0,1,0,0,1,0,0,0,0,0,0,0,0,0,0,0,1,0,0,1,0,1,1,0,0,1
279,Natura Docet Wonderryck Twente,93ee982c-adfd-4233-8260-6bb567853af9,43.0,0,0,0,0,0,0,0,0,0,0,1,0,0,d0a048b0-4e03-498a-b0a8-08d7f60b9c3e,0,1,0,0,0,0,0,0,0,0,0,0,0,1,0,0,0,1,1,1,0,0,1,0,1,1,0,1,0,0,0,0
280,Missiemuseum Steyl,944a4c15-58c0-44dc-8f8a-c65b44179c16,55.0,0,0,0,0,0,0,0,0,0,0,1,0,0,0a3fb9f0-599a-44b4-b02a-08d7f60b9c3e,0,0,0,0,0,0,1,0,0,0,0,0,0,1,0,1,1,0,0,0,0,0,0,0,0,0,0,1,1,0,1,0
281,CODA,9457c575-1900-4fc7-aca3-c7e1a1f26826,102.0,0,0,0,0,0,0,0,0,0,0,1,0,0,a2f872a3-5e27-4705-afa4-08d7f60b9c3e,0,0,0,0,0,1,0,0,0,0,1,0,0,0,0,0,0,0,0,0,0,0,1,0,0,1,0,0,1,0,1,1
282,SCHUNCK,9490d5b2-9ed8-47f1-9986-efeb777b11cd,76.0,0,0,0,0,0,0,0,0,0,0,0,0,0,d960765e-a3e7-409d-b12c-08d7f60b9c3e,0,0,0,0,0,0,0,1,0,0,1,0,0,0,0,0,0,0,1,1,0,0,1,0,1,0,0,0,0,0,0,0
283,Museum Sjoel Elburg,959c8b54-68f3-4286-9734-ff3acfb67137,33.0,0,0,0,0,0,0,0,0,0,0,1,0,0,45cf1f7f-a6b3-4a0b-b079-08d7f60b9c3e,1,0,0,0,0,0,0,0,0,0,0,1,0,0,0,0,1,0,0,0,0,0,1,0,0,0,0,0,1,0,0,0
284,Museum De Lakenhal,95a74653-495e-4420-82e0-a1a6195f974d,190.0,0,0,0,0,0,0,0,0,1,0,0,0,0,63903853-0a8a-47d3-b03f-08d7f60b9c3e,0,1,0,0,0,0,0,0,0,0,1,0,0,0,0,0,0,0,1,1,0,0,1,0,1,1,0,1,1,0,1,0
285,Drukkerijmuseum Meppel,95f9ed82-84f8-402c-89e2-30e0419d552b,19.0,0,0,0,0,0,0,0,0,0,0,1,0,0,6f7af94f-07dc-4613-afb9-08d7f60b9c3e,0,0,0,1,0,0,0,0,0,0,0,1,0,0,0,0,1,0,1,1,0,0,0,0,0,1,0,1,1,0,0,0
286,"Streekmuseum ""De Meestoof""",9689a6f1-871a-41e9-8f7d-a67d59ac7b98,8.0,0,0,0,1,0,0,0,0,0,0,0,0,0,705f3b1d-3494-4155-b13b-08d7f60b9c3e,0,0,0,0,0,0,1,0,0,0,0,1,0,0,0,1,1,0,0,0,0,0,0,0,0,0,0,1,0,0,0,1
287,Het Dordts Patriciërshuis,96acdc9e-660a-421d-891a-4282fc8ddaa3,56.0,0,0,0,0,0,0,0,0,0,0,1,0,0,1f580592-fe34-416c-afdb-08d7f60b9c3e,1,0,0,0,0,0,0,0,0,0,1,1,0,0,0,0,1,0,0,0,0,0,0,0,0,0,0,0,0,0,0,0
288,Museumbrouwerij de Roos,96c8d522-087d-4746-bec6-f201f4b6b192,29.0,0,0,0,0,0,0,0,0,0,0,0,0,0,0278d46e-35cc-4ef4-96cd-08d81e1f1787,0,0,0,0,0,0,0,0,0,1,0,1,0,0,0,0,1,0,0,0,0,0,0,0,0,0,0,1,0,0,0,0
289,Valkerij en Sigarenmakerij Museum,97033fee-77bb-4ab2-b0f2-ac7821742393,9.0,0,0,0,0,0,0,0,0,0,0,1,0,0,80a314fe-1700-44e9-b14e-08d7f60b9c3e,0,1,0,0,0,0,0,0,0,0,0,0,0,0,0,0,1,0,0,0,0,0,0,0,0,0,0,1,0,0,0,0
290,Zuiderzeemuseum,971a3945-faba-4021-8d5b-5b6fcd124640,1.073,0,0,0,1,0,0,0,0,0,0,0,0,0,87acd874-090c-4f51-b169-08d7f60b9c3e,0,0,0,1,0,0,0,0,0,0,1,1,1,0,0,0,0,1,1,1,1,0,1,0,0,1,1,1,0,0,0,1
291,Museum Dorestad,976e2c87-ddaa-44f2-95b9-3402db1a7f8e,11.0,0,0,0,1,0,0,0,0,0,0,0,0,0,00054e83-7cad-4bf3-b04b-08d7f60b9c3e,0,0,0,0,0,0,0,0,1,0,0,0,0,0,0,0,1,0,0,0,0,0,0,0,0,0,0,0,0,0,0,0
292,Beeld en Geluid Den Haag,97dca6c1-6b1a-4ffe-a048-83ecce6707a5,23.0,0,0,0,0,0,0,1,0,0,0,0,0,0,30b374f2-3eb9-42df-51a6-08d82d7e1576,0,0,0,0,1,0,0,0,0,0,1,1,0,0,1,0,1,0,0,0,0,0,1,0,0,1,0,1,0,0,0,1
293,Anne Frank Huis,98910334-b730-446f-9b09-a7cf440699f6,62.303999999999995,0,0,1,0,0,0,0,0,0,0,0,0,0,1b0e6f78-7ce9-463a-af91-08d7f60b9c3e,1,0,0,0,0,0,0,0,0,0,0,1,0,0,0,0,0,0,0,0,0,0,1,0,0,1,0,0,0,0,0,1
294,Humanity House,98bfd0ed-dbf9-4d89-ae77-bba0a13ce4d0,52.0,0,0,0,0,0,0,0,0,1,0,0,0,0,6ad630bc-2cc9-45b6-aff4-08d7f60b9c3e,0,1,0,0,0,0,0,0,0,0,1,1,0,0,0,1,0,0,0,0,0,0,1,0,0,0,0,0,0,0,0,1
295,Kasteel Hernen,98c5d4e0-b4e6-4c5e-98ff-1b6b68a10a28,29.0,0,0,0,0,1,0,0,0,0,0,0,0,0,1068e07a-97c6-409c-b002-08d7f60b9c3e,0,0,1,0,0,0,0,0,0,0,0,0,0,0,0,0,0,1,1,1,1,0,0,0,0,0,0,1,0,0,0,0
296,Miramar Zeemuseum,9967b239-a72b-4ad5-9215-c6383b7229d7,5.0,0,0,0,0,0,0,0,0,0,0,0,0,0,06a969a5-1bbb-4285-b029-08d7f60b9c3e,0,0,0,0,0,0,1,0,0,0,0,0,0,1,0,0,1,0,0,0,0,0,0,0,0,1,0,1,1,0,0,0
297,Nationaal Reddingmuseum Dorus Rijkers,9ad52af8-ef66-4266-b413-0e1a57995f50,73.0,0,0,0,0,0,0,0,0,0,0,1,0,0,58981d88-8ecd-4c80-b0a3-08d7f60b9c3e,0,0,0,1,0,0,0,0,0,0,0,0,1,0,0,0,1,1,1,1,1,0,0,0,0,0,0,0,0,0,0,0
298,Florence Nightingale Instituut,9adecd58-7f1f-4add-a0e2-8dcdc0d8bbc2,579.0,0,0,0,0,0,0,0,0,0,0,1,0,0,1d44f2ae-0d0c-4a05-afc0-08d7f60b9c3e,0,0,0,1,0,0,0,0,0,0,0,1,0,0,0,1,1,0,0,0,0,0,0,0,0,0,0,0,0,0,0,0
299,Slot Loevestein,9afcd6a2-85e3-4c7c-9f82-887076f83a68,240.0,0,0,0,0,1,0,0,0,0,0,0,0,0,df33da9e-8e5b-4455-b07b-08d7f60b9c3e,0,0,0,0,0,1,0,0,0,0,0,0,0,0,0,0,0,1,1,1,1,0,1,0,0,0,0,0,0,0,0,0
300,Natuurcentrum Ameland,9bcb7330-2cae-44b4-9fca-9f6e1c4501e5,711.0,0,0,0,0,0,0,0,0,0,0,0,0,0,2fc631b8-9e65-41c0-b0aa-08d7f60b9c3e,0,1,0,0,0,0,0,0,0,0,0,1,0,1,0,0,0,0,0,0,0,0,0,0,0,1,0,1,1,0,0,0
301,Nederlands Watermuseum,9c4bddf8-9bef-46cb-a2ef-5f13ba85884f,91.0,0,0,0,0,0,0,0,0,0,0,1,0,0,531b6107-23f6-4f28-b0b7-08d7f60b9c3e,0,0,0,0,0,1,0,0,0,0,0,1,0,1,0,0,0,1,1,1,1,0,0,0,1,1,0,1,0,0,0,1
302,Watersnoodmuseum,9c7d3144-c492-4dbe-9c4e-6ced41468747,396.0,0,0,0,0,0,0,0,0,0,0,1,0,0,f06861fc-94f9-4fda-b15e-08d7f60b9c3e,0,0,0,0,0,1,0,0,0,0,0,0,0,0,0,0,0,0,0,0,0,0,1,0,0,1,0,1,1,0,0,0
303,Gorcums Museum,9d3a2998-159f-42de-b069-48efe943607d,43.0,0,0,0,0,0,0,0,0,1,0,0,0,0,0138b762-ab30-45b0-afd2-08d7f60b9c3e,0,0,0,0,1,0,0,0,0,0,1,0,0,0,0,0,1,0,0,0,0,0,1,0,0,0,0,1,1,0,0,1
304,Museum W,9d6fdbeb-e330-4eb0-9fa7-cd26adfe7413,262.0,0,0,1,0,0,0,0,0,0,0,0,0,0,bb217311-ba47-47ce-afcf-08d7f60b9c3e,0,0,0,0,0,0,1,0,0,0,1,0,0,0,0,0,0,0,0,0,0,0,0,0,0,0,0,1,0,0,0,0
305,Museum Rotterdam,9dd3fd7c-9281-4e0b-a661-909e597b93ee,100.0,0,0,0,1,0,0,0,0,0,0,0,0,0,0fd9f5c8-4592-4343-b077-08d7f60b9c3e,0,0,0,1,0,0,0,0,0,0,0,1,0,0,0,0,0,0,1,1,0,0,1,0,1,0,0,1,1,0,1,0
306,Mariniersmuseum,9f10ad8a-4d3c-4d7e-ab05-5c1bf5adc3f0,62.0,0,0,0,0,0,0,0,0,0,0,1,0,0,a0c25fba-3814-4b79-b01e-08d7f60b9c3e,0,0,0,1,0,0,0,0,0,0,0,0,1,0,0,0,0,1,1,1,1,0,1,0,0,1,0,1,1,0,0,1
307,Kasteel Keukenhof,9f88e8ae-c589-427e-becb-1e071b215cd1,154.0,0,0,0,0,1,0,0,0,0,0,0,0,0,85b928a6-78ab-48b8-b00d-08d7f60b9c3e,0,0,1,0,0,0,0,0,0,0,1,1,0,0,0,0,1,0,0,0,0,0,0,0,0,0,0,1,0,0,0,1
308,Museum Stad Appingedam,9fdbc525-a8e2-4314-af3d-5ee0c95e22d5,10.0,0,0,0,0,0,0,0,0,1,0,0,0,0,f89f57e4-1a7f-42c2-b07f-08d7f60b9c3e,0,0,0,1,0,0,0,0,0,0,1,0,0,0,0,0,1,0,0,0,0,0,0,0,0,0,0,1,0,0,0,0
309,Natuurmuseum Brabant,a001e606-6873-4420-92be-8c458691bf35,142.0,0,0,0,0,0,0,0,0,0,0,1,0,0,6e784772-7b84-4b32-b0ad-08d7f60b9c3e,0,1,0,0,0,0,0,0,0,0,0,0,0,1,0,0,0,1,1,1,0,0,1,0,0,1,0,0,1,0,0,1
310,Kinderboekenmuseum,a02b36f2-4f62-449b-a071-822fcfab14b2,65.0,0,0,0,0,0,0,0,0,1,0,0,0,0,82ca87f0-e8e7-4343-b16d-08d7f60b9c3e,0,1,0,0,0,0,0,0,0,0,0,0,0,0,0,0,0,1,1,1,1,0,1,0,0,0,0,0,0,0,0,0
311,Lalique Museum,a0891a06-7670-4cbd-bf82-992b33aeeee6,136.0,0,0,0,0,0,0,0,0,1,0,0,0,0,82eb1e16-c40f-47e0-b12d-08d7f60b9c3e,0,0,0,0,0,0,0,0,0,1,1,0,0,0,0,0,1,0,0,0,0,0,1,0,0,0,0,0,0,0,0,1
312,GRID Grafisch Museum Groningen,a1b6fda7-eec4-4dde-a764-45c96b796e61,17.0,0,0,0,0,0,0,0,0,0,0,1,0,0,babe7e03-cce3-429f-afd4-08d7f60b9c3e,0,1,0,0,0,0,0,0,0,0,1,0,0,0,1,0,1,0,0,0,0,0,1,0,0,1,0,1,0,0,0,0
313,TextielMuseum,a2040f47-849b-4ca6-967e-adee1ee5a930,257.0,0,0,0,0,0,0,0,0,0,0,1,0,0,9dcf338f-1b5c-49bd-b144-08d7f60b9c3e,0,1,0,0,0,0,0,0,0,0,1,1,0,0,0,0,0,0,0,0,0,0,1,0,0,1,0,1,1,0,1,1
314,Heerenveen Museum,a28f5f86-7181-44e8-9dcc-12ca3f94b4a7,9.0,0,0,0,0,0,0,0,0,1,0,0,0,0,7758d673-6d4a-4dce-afd7-08d7f60b9c3e,1,0,0,0,0,0,0,0,0,0,1,1,0,0,0,0,1,1,1,1,0,0,1,0,1,1,0,0,0,0,1,0
315,Museum van de Geest | Dolhuys,a2c1a9f7-97b2-493a-a04c-a760d4066ba9,176.0,0,0,1,0,0,0,0,0,0,0,0,0,0,179bdf0d-35dd-4478-afb6-08d7f60b9c3e,0,1,0,0,0,0,0,0,0,0,1,1,0,0,0,0,0,0,0,0,0,0,0,0,0,1,0,1,0,0,0,1
316,Belasting & Douane Museum,a42cba4d-03ab-449a-8fb5-a24fb363afa5,36.0,0,0,0,0,0,0,1,0,0,0,0,0,0,bfb74b91-9e53-4486-af98-08d7f60b9c3e,0,0,0,0,0,1,0,0,0,0,1,1,1,0,1,0,1,1,1,1,0,0,1,0,1,1,0,1,1,0,0,0
317,Kasteel Museum Sypesteyn,a4b7e371-748f-4f21-9730-c4835ffa6e64,30.0,0,0,0,0,0,0,0,0,0,0,1,0,0,9987edfd-64a9-4464-b005-08d7f60b9c3e,0,0,1,0,0,0,0,0,0,0,0,0,0,0,0,0,1,0,0,0,0,0,0,0,0,0,0,1,0,0,0,0
318,Museum 't Behouden Huys,a4e7ffe9-fe8a-4e22-9517-739881f87bfb,68.0,0,0,0,0,0,0,1,0,0,0,0,0,0,19e1db6b-b761-458d-b081-08d7f60b9c3e,0,0,0,0,1,0,0,0,0,0,0,1,0,0,0,0,1,0,0,0,0,0,0,0,0,1,0,1,0,0,0,0
319,Haags Historisch Museum,a5842601-ea16-4514-9b59-ce21fbbc2a4f,170.0,0,0,0,0,0,0,0,0,1,0,0,0,0,8b89781b-8544-4e5b-afd6-08d7f60b9c3e,0,0,0,0,1,0,0,0,0,0,0,0,0,0,0,0,0,0,0,0,0,0,1,0,0,0,0,0,0,0,1,0
320,Rijssens Museum,a58c6379-8b38-4361-ad34-c6c5f785a9f2,29.0,0,0,0,0,0,0,0,0,0,0,1,0,0,edd8b913-dca5-4edf-b0d3-08d7f60b9c3e,0,0,0,0,0,0,1,0,0,0,0,0,0,0,0,0,1,0,0,0,0,0,0,0,0,0,0,0,0,0,0,0
321,Kasteel Cannenburch,a5e644b6-829e-477a-956f-91eb4fa4e1a4,93.0,0,0,0,0,1,0,0,0,0,0,0,0,0,ae0c7144-7109-4260-affe-08d7f60b9c3e,0,0,1,0,0,0,0,0,0,0,0,1,0,0,0,0,0,1,1,1,1,0,0,0,1,0,0,1,0,0,0,1
322,Museum Collectie Krop,a6036d08-a239-4ec5-8201-d9001d93cfe9,42.0,0,0,0,0,0,0,0,0,0,0,1,0,0,710c8b6b-e856-484d-afe5-08d7f60b9c3e,0,0,0,0,0,0,0,0,1,0,1,0,0,0,0,0,1,0,0,0,0,0,0,0,0,0,0,1,0,0,0,0
323,Wevershuis,a6b7df43-21c4-447b-be52-a436b89873cf,144.0,0,0,0,1,0,0,0,0,0,0,0,0,0,77b6f9c5-472e-428b-b162-08d7f60b9c3e,0,1,0,0,0,0,0,0,0,0,0,0,0,0,0,0,1,0,0,0,0,0,0,0,0,0,0,1,0,0,1,0
324,Museum Huis Doorn,a6fc14aa-84ee-4c59-8801-baf29c2557dd,187.0,0,0,1,0,0,0,0,0,0,0,0,0,0,b45480a0-a5da-489e-afef-08d7f60b9c3e,0,0,0,0,0,1,0,0,0,0,0,1,0,0,0,0,0,0,0,0,0,0,1,0,0,0,0,1,0,0,0,0
325,Verzetsmuseum Amsterdam,a75d5925-5172-4816-a02e-919c48899db8,3.403,0,0,0,1,0,0,0,0,0,0,0,0,0,b8f74800-8a26-4ef2-b154-08d7f60b9c3e,0,0,0,1,0,0,0,0,0,0,0,0,0,0,0,0,0,0,0,1,0,0,1,0,0,1,0,0,1,0,0,1
326,Airborne Museum at Hartenstein,a7e42402-9eb9-4312-abf5-ae09e951e068,899.0,0,0,0,0,0,0,0,0,0,0,1,0,0,c804a952-fafc-41ae-af8e-08d7f60b9c3e,0,0,0,0,0,1,0,0,0,0,0,1,0,0,0,0,0,0,0,1,0,1,1,0,0,1,0,1,0,0,0,0
327,Drents Museum,a8d2fca6-7408-4b0d-ac2b-1a599469390c,610.0,0,0,0,0,0,0,0,0,0,0,1,0,0,0be567ed-d312-4e03-afb8-08d7f60b9c3e,0,0,0,0,0,0,1,0,0,0,0,1,0,0,0,0,0,0,1,1,0,0,1,0,1,0,0,1,1,0,0,1
328,Koninklijk Paleis Amsterdam,a8d715f7-82f5-4df4-9308-0d33c4c1eaa2,3.332,1,0,0,0,0,0,0,0,0,0,0,0,0,3fac01ef-df5e-4e03-b00f-08d7f60b9c3e,0,0,0,0,0,0,0,0,1,0,1,1,0,0,0,0,0,0,1,1,0,1,0,0,0,0,0,0,1,1,0,0
329,Museum Nijkerk,a9d56613-d373-4a44-b70d-e4b98db1b38a,1.0,0,0,0,1,0,0,0,0,0,0,0,0,0,ddeb256b-a631-4e03-b11b-08d7f60b9c3e,1,0,0,0,0,0,0,0,0,0,0,1,0,0,0,0,1,0,0,0,0,0,1,0,0,0,0,0,1,0,0,0
330,Huis Marseille,aa46ee69-710b-4127-b6d9-245822fbe203,176.0,0,0,0,0,0,0,0,0,0,0,1,0,0,cc5044b5-0448-47e9-aff0-08d7f60b9c3e,1,0,0,0,0,0,0,0,0,0,1,0,0,0,0,0,0,0,0,0,0,0,1,0,0,1,0,0,0,0,0,0
331,Van Gogh Museum,aa54b14e-fe16-4424-9be9-ca9d8ef84fa7,63.786,0,0,0,0,0,0,0,0,1,0,0,0,0,0ae25ae1-3d89-4871-b150-08d7f60b9c3e,0,0,0,0,0,0,0,0,0,1,1,0,0,0,0,0,0,1,1,1,1,0,1,0,0,1,0,1,1,0,0,1
332,Amsterdam Museum,aa8279d3-78cf-4af8-8f83-24dd44caabd6,950.0,0,0,1,0,0,0,0,0,0,0,0,0,0,b6485b8e-cc77-4c2c-b0ef-08d7f60b9c3e,0,0,0,0,0,0,0,0,1,0,1,1,0,0,0,0,0,1,1,1,0,0,1,0,1,0,0,0,0,0,0,1
333,Museum Joure,aa8feafc-c5e8-438f-a4ba-f5d1adff459c,73.0,0,0,0,0,0,0,0,0,0,0,1,0,0,a726a3d5-0707-48fb-b063-08d7f60b9c3e,1,0,0,0,0,0,0,0,0,0,1,1,0,1,0,0,0,0,0,0,0,0,0,0,0,0,0,1,0,0,0,0
334,Stadsmuseum Steenwijk,aae86812-3eb1-411d-ba3e-71c4b1fc4fcb,10.0,0,0,0,1,0,0,0,0,0,0,0,0,0,fb8c56f5-f60c-4523-b0e6-08d7f60b9c3e,1,0,0,0,0,0,0,0,0,0,0,0,0,0,0,0,1,0,0,0,0,0,0,0,0,1,0,1,0,0,0,0
335,Natuurhistorisch Museum Rotterdam,ab5e9944-251c-48d4-879d-115525f2e298,84.0,0,0,0,0,0,0,0,0,0,0,0,0,0,6b10ebb5-f8e5-4ba8-b0ac-08d7f60b9c3e,0,0,0,1,0,0,0,0,0,0,0,0,0,1,0,0,0,1,1,1,1,0,1,0,1,1,0,1,0,0,0,0
336,Museum 'De Tien Malen',abaad182-4619-449e-96a5-4583f8701299,4.0,0,0,0,1,0,0,0,0,0,0,0,0,0,659c27e3-194c-466e-b042-08d7f60b9c3e,0,0,0,0,0,0,1,0,0,0,0,1,0,0,0,0,1,0,0,0,0,0,0,0,0,1,0,1,1,0,0,0
337,Stedelijk Museum Breda,abd0504d-1106-44ee-8c62-3cc937d5fd9a,91.0,1,0,0,0,0,0,0,0,0,0,0,0,0,b04a2f41-63f8-491b-b0e9-08d7f60b9c3e,1,0,0,0,0,0,0,0,0,0,1,1,0,0,0,0,0,1,1,1,0,0,1,0,1,0,0,1,0,0,0,0
338,Nationaal Militair Museum,ac63eec9-a130-4e9c-b378-e23e076865dc,814.0,0,0,0,1,0,0,0,0,0,0,0,0,0,8301dc06-2fec-4aed-b09e-08d7f60b9c3e,0,0,0,1,0,0,0,0,0,0,0,0,0,0,1,0,1,1,1,1,1,0,1,0,0,0,0,0,0,0,0,0
339,Museum Bronbeek,ad5b634c-e784-4755-ae75-8748507fa437,131.0,0,0,0,0,0,0,0,0,0,0,1,0,0,8b99f9dd-bfbd-4d25-b037-08d7f60b9c3e,0,0,0,0,0,0,0,0,0,1,0,1,0,0,0,0,0,0,0,0,0,0,1,0,0,1,0,1,1,0,0,1
340,Museum Paulina Bisdom van Vliet,addebae4-6756-4fe4-b59c-1aac2d80ab8e,27.0,0,0,0,0,0,0,0,0,0,0,1,0,0,2c78334c-0b27-4f79-b0c9-08d7f60b9c3e,0,0,0,0,0,0,0,0,1,0,1,1,0,0,0,0,1,0,0,0,0,0,0,0,0,0,0,1,0,0,0,0
341,"BAK, basis voor actuele kunst",ae32e45b-c9aa-4cc1-ac06-6ddb93c9630b,41.0,0,0,0,0,0,0,0,0,1,0,0,0,0,b256822e-73d9-4f21-af95-08d7f60b9c3e,0,0,0,0,0,0,0,1,0,0,0,1,0,0,0,1,1,0,0,0,0,0,0,0,0,0,0,0,0,0,0,0
342,Fries Museum,ae7a3560-ceb4-4f91-9672-8041e77c5fe5,903.0,0,0,0,0,0,0,0,0,0,0,1,0,0,e6e37702-a1cc-4541-afc4-08d7f60b9c3e,1,0,0,0,0,0,0,0,0,0,1,1,0,0,0,0,0,0,0,0,0,0,1,0,0,0,0,1,1,0,0,0
343,Museum Veere,af698204-4437-411f-a1a9-d5a0fe7d16bb,46.0,1,0,0,0,0,0,0,0,0,0,0,0,0,9c067b68-eb4a-4c42-b088-08d7f60b9c3e,0,0,0,0,0,0,1,0,0,0,0,1,0,0,0,0,1,1,1,1,0,0,1,0,1,0,0,1,0,0,0,0
344,Botanische Tuin De Kruidhof,b0654f59-55d5-4c74-8420-3d3938f861e2,248.0,0,0,0,0,0,0,0,0,0,0,0,1,0,3a90d705-427e-47f9-af9e-08d7f60b9c3e,0,0,0,0,0,1,0,0,0,0,0,0,0,1,0,0,1,1,1,1,0,0,0,0,0,0,1,1,0,0,0,1
345,Historisch Museum Ede,b1132b3d-b239-4a24-a76b-b524ea708479,2.0,0,0,0,1,0,0,0,0,0,0,0,0,0,e49a9482-6aa9-4165-b106-08d7f60b9c3e,0,0,0,0,1,0,0,0,0,0,0,1,0,0,0,0,1,0,0,0,0,0,1,0,0,1,0,0,0,0,0,0
346,Philips Museum,b1d4586f-c77c-43f7-bb72-649f1af68575,989.0,0,0,0,0,0,0,0,0,0,0,1,0,0,e6215b87-43bc-4bd7-b0cc-08d7f60b9c3e,0,1,0,0,0,0,0,0,0,0,0,1,0,0,1,0,0,0,1,1,0,0,1,0,1,0,0,0,0,0,0,0
347,Museum Wierdenland Ezinge,b2398575-3c86-42a2-b07c-886384eb9add,13.0,0,0,0,0,0,0,0,0,1,0,0,0,0,b4ac76e9-3420-46ce-b08d-08d7f60b9c3e,0,0,0,0,0,0,1,0,0,0,0,1,0,1,0,0,1,0,0,0,0,0,1,0,0,1,0,1,0,0,1,0
348,Nationaal Modelspoor Museum,b280cbea-0bd7-47c1-a827-91cd7d305cbb,57.0,0,0,0,0,0,0,0,0,0,0,1,0,0,fcc06a54-1492-4852-b09f-08d7f60b9c3e,0,0,0,1,0,0,0,0,0,0,0,0,0,0,1,0,1,0,0,0,0,0,1,0,0,1,0,1,0,0,0,0
349,Stedelijk Museum Zutphen,b2c2237c-a0b5-4d94-99b9-c71b8ede2fc5,60.0,0,0,0,0,0,0,0,0,0,0,1,0,0,5da3c506-30e1-499f-b0ed-08d7f60b9c3e,1,0,0,0,0,0,0,0,0,0,1,0,0,0,0,0,0,1,1,1,0,0,1,0,0,1,0,1,1,0,1,0
350,IJmuider Zee- en Havenmuseum,b4270bbf-143e-4a83-9da0-23888b73de16,43.0,0,0,0,0,0,0,0,0,0,0,1,0,0,5c1d0669-caf9-4932-b165-08d7f60b9c3e,0,1,0,0,0,0,0,0,0,0,0,0,1,0,0,0,1,1,1,1,0,0,0,0,0,1,0,1,0,0,0,0
351,Afrika Museum,b5023390-ced1-4210-a14c-23c349b2ee15,174.0,0,0,0,0,0,0,0,0,0,0,1,0,0,af1f674a-f04d-4527-af8c-08d7f60b9c3e,0,0,0,0,0,0,1,0,0,0,0,0,0,0,0,1,0,1,1,1,1,0,1,0,0,0,1,1,0,0,0,1
352,Schoonewelle Mus. voor Natuur en Ambacht,b595d644-a4c6-4975-8df3-b394bf27dfe2,2.0,0,0,0,0,0,0,0,0,1,0,0,0,0,d6af5fa1-3482-4864-b0d5-08d7f60b9c3e,1,0,0,0,0,0,0,0,0,0,0,0,0,1,0,0,1,0,0,0,0,0,0,0,0,0,0,1,0,0,0,0
353,Amsterdam Pipe Museum,b5a41500-a10f-418f-8903-6e60d0907060,326.0,0,0,0,0,0,0,0,0,0,0,1,0,0,ac61a4c2-53d2-4ce6-af90-08d7f60b9c3e,0,0,0,0,0,0,0,0,0,1,0,0,0,0,0,0,1,0,0,0,0,0,0,0,0,1,0,1,0,0,0,0
354,Geologisch Museum Hofland,b5d597b1-730f-402b-bc6e-a86cadebd973,8.0,0,0,0,0,0,0,0,0,0,0,0,0,0,aacb2e85-ff55-4fab-afd1-08d7f60b9c3e,0,0,0,0,0,0,0,0,0,1,0,0,0,1,0,0,1,0,0,0,0,0,0,0,0,0,0,1,1,0,1,0
355,Museum Veenendaal,b5f1962b-3709-4476-a8c7-6209ca198c7d,15.0,0,0,0,1,0,0,0,0,0,0,0,0,0,48fdea08-feeb-475c-b11f-08d7f60b9c3e,0,1,0,0,0,0,0,0,0,0,0,1,0,0,0,0,1,0,0,0,0,0,1,0,0,0,0,1,1,0,1,0
356,Kasteel de Haar,b67b0651-df2f-48c8-9793-1024a0c9901e,1.041,0,0,0,0,0,0,0,0,0,0,1,0,0,a624c76d-ac9c-4c4b-afff-08d7f60b9c3e,0,0,1,0,0,0,0,0,0,0,1,0,0,0,0,0,0,1,1,1,1,0,0,0,1,0,0,1,0,0,0,0
357,Geniemuseum,b8038372-8f48-4fcc-84ae-8f2cc86b3a69,14.0,0,0,0,0,0,0,0,0,0,1,0,0,0,d1b23ce7-26a0-4511-afd0-08d7f60b9c3e,0,0,0,0,0,0,0,0,0,1,0,0,0,0,1,0,1,0,0,0,0,0,0,0,0,1,0,1,0,0,0,0
358,Marechausseemuseum,b8ff0361-b591-4bfb-9671-5bdb3d48c1af,24.0,0,0,0,1,0,0,0,0,0,0,0,0,0,fc2df250-eaa6-4a34-b049-08d7f60b9c3e,0,1,0,0,0,0,0,0,0,0,0,0,0,0,0,0,1,0,1,1,0,0,1,0,1,1,0,1,0,0,0,0
359,Keramiekcentrum Tiendschuur Tegelen,b95305d9-cc57-498c-8819-c1983713d181,38.0,0,0,0,0,0,0,0,0,0,0,1,0,0,e801dac3-4a2b-45e2-b00b-08d7f60b9c3e,0,0,0,0,0,0,0,1,0,0,1,1,0,0,0,0,1,0,0,0,0,0,1,0,0,0,0,1,1,0,1,0
360,De Fraeylemaborg,b9e24741-1bd4-4409-95c3-0d2ed37b0df3,91.0,0,0,0,0,0,0,0,0,0,0,1,0,0,f1b07ea6-1753-459c-b015-08d7f60b9c3e,0,1,0,0,0,0,0,0,0,0,1,0,0,0,0,0,0,0,0,0,0,0,1,0,0,0,0,1,0,0,0,1
361,t Fiskershúske,b9fa7554-70fd-4a40-8515-55ff3895e129,20.0,0,0,0,0,0,0,0,0,0,0,1,0,0,67c02386-7d73-4832-b141-08d7f60b9c3e,1,0,0,0,0,0,0,0,0,0,0,1,1,0,0,0,1,0,0,0,0,0,1,0,0,0,0,1,1,0,0,0
362,Historische Tuin Aalsmeer,ba678427-5609-42b1-91e2-fd5c845d42c6,36.0,0,0,0,1,0,0,0,0,0,0,0,0,0,110ee9d8-038b-415f-afed-08d7f60b9c3e,0,0,0,1,0,0,0,0,0,0,0,0,0,1,0,0,1,0,0,0,0,0,0,0,0,1,1,1,0,0,0,0
363,Het Oude Raadhuis Urk,bb1872c6-aefd-4bd5-988d-3aad8bde3b74,21.0,0,0,0,1,0,0,0,0,0,0,0,0,0,f91b52cd-19f9-4cca-b057-08d7f60b9c3e,0,0,0,0,0,0,0,0,0,1,0,1,0,0,0,0,1,0,0,0,0,0,0,0,0,0,0,1,1,0,0,0
364,Stadsmuseum Groenlo,bbcc349c-6f7e-4416-a6f9-1954997e54e6,1.0,0,0,0,1,0,0,0,0,0,0,0,0,0,4e32dcaa-af37-4bbb-b0e3-08d7f60b9c3e,0,0,0,0,0,0,0,0,1,0,0,1,0,0,0,0,1,0,0,0,0,0,0,0,0,0,0,1,0,0,0,0
365,Het Klederdrachtmuseum,bd68c0cd-f2e8-4f7c-8245-7a6dd39028b3,172.0,0,0,0,0,0,0,0,0,0,0,1,0,0,4e338611-ad92-4fcd-b104-08d7f60b9c3e,0,1,0,0,0,0,0,0,0,0,0,1,0,0,0,0,1,0,0,0,0,0,0,0,0,0,0,0,0,0,1,0
366,Het Spinozahuis,bd81828f-b3dd-44c8-b671-1b1c648a9986,12.0,0,0,0,0,0,0,0,0,0,0,1,0,0,5a74bcb5-70f0-4d40-afe1-08d7f60b9c3e,0,0,0,0,0,0,0,0,0,1,0,1,0,0,0,0,1,0,0,0,0,0,0,0,0,0,0,1,0,0,0,0
367,Nationaal Archief,bdd23118-7948-42bd-8421-36d9ec2e423b,12.0,0,1,0,0,0,0,0,0,0,0,0,0,0,8f62058a-ee0c-4023-b095-08d7f60b9c3e,0,0,0,1,0,0,0,0,0,0,0,0,0,0,0,0,1,0,0,1,0,0,1,0,0,1,0,0,0,0,1,0
368,Leudal Museum,be9f0da1-1fde-448d-845a-cd231dac8c3e,442.0,0,0,0,0,0,0,0,0,0,0,1,0,0,b1322c02-7541-4b72-b130-08d7f60b9c3e,0,0,0,0,0,0,1,0,0,0,0,1,0,1,0,0,1,0,0,0,0,0,0,0,0,1,0,1,0,0,0,0
369,Westlands Museum,bf3dca2d-4523-45ce-84f0-ba0c9e3be824,7.0,0,0,0,1,0,0,0,0,0,0,0,0,0,b0d7cd3e-ffc1-4e78-b161-08d7f60b9c3e,1,0,0,0,0,0,0,0,0,0,0,1,0,0,0,0,1,0,0,0,0,0,1,0,0,1,0,1,0,0,0,0
370,Pop Up Museum Oud Amelisweerd,bf728e09-c178-4fe3-82c6-e34c19d7f444,8.0,0,0,0,0,1,0,0,0,0,0,0,0,0,8c4f1de4-3113-49f6-1672-08d83356900d,0,0,0,0,0,0,0,1,0,0,0,0,0,0,0,0,1,0,0,0,0,0,1,0,0,0,0,0,0,0,0,0
371,Museum Arnhem,bf79b669-5fa2-460c-9a91-fc7770e73a95,90.0,0,0,0,0,0,0,0,0,0,0,1,0,0,68b73c59-b245-467a-b113-08d7f60b9c3e,0,0,0,0,0,0,1,0,0,0,1,0,0,0,0,0,0,0,0,1,0,0,1,0,0,0,0,0,0,0,0,1
372,Teylers Museum,bf8b8c20-c838-44b9-a574-303d4b3e66e8,1.047,0,0,0,0,0,0,0,0,0,0,1,0,0,02e34b39-92b5-44a7-b145-08d7f60b9c3e,0,1,0,0,0,0,0,0,0,0,1,1,0,0,0,0,0,0,1,1,0,0,1,0,1,1,0,1,0,0,0,1
373,Tassenmuseum Amsterdam,bff4bba9-6f13-4a2a-ab4c-47a3946f61dd,1.758,0,0,0,0,0,0,0,0,0,0,1,0,0,ba54eeab-6573-4b31-b142-08d7f60b9c3e,0,0,0,0,0,0,0,0,1,0,0,0,0,0,0,0,1,0,0,0,0,0,0,0,0,1,0,1,0,0,1,1
374,De Oude Kerk,bffa1b0e-67c1-4bd4-bfbf-b35c436a2663,1.094,0,0,0,0,0,1,0,0,0,0,0,0,0,9a3c9c22-48f4-4124-b0f7-08d7f60b9c3e,0,0,0,0,0,0,0,1,0,0,1,0,0,0,0,0,0,0,0,0,0,0,1,0,0,0,0,0,0,0,0,0
375,Molenmuseum,c0fc44fb-f97c-452b-9148-0ed1d408c4bf,144.0,0,0,0,1,0,0,0,0,0,0,0,0,0,b94b3e6b-7360-4b82-afb3-08d7f60b9c3e,0,0,0,1,0,0,0,0,0,0,0,1,0,0,0,0,1,0,0,0,0,0,0,0,0,0,0,1,0,0,0,0
376,Zandvoorts Museum,c0fd3c6c-6c08-467d-982a-28f907e03bfd,11.0,0,0,0,0,0,0,0,0,1,0,0,0,0,c3f9b976-b482-443c-b164-08d7f60b9c3e,0,1,0,0,0,0,0,0,0,0,0,0,0,0,0,0,1,0,0,0,0,0,0,0,0,0,0,0,1,0,0,0
377,Fotomuseum aan het Vrijthof,c19ee988-451e-4da4-b83d-ae4c1bfbf2f0,208.0,0,0,0,0,0,0,0,0,0,0,1,0,0,911dd5d2-6373-4f4d-b030-08d7f60b9c3e,0,0,0,0,0,0,0,1,0,0,1,1,0,0,0,0,0,0,0,0,0,0,1,0,0,0,0,0,1,0,1,0
378,Museum Bredius,c1a54fda-99f2-4110-b242-b6b97e0fb14f,106.0,0,0,0,0,0,0,0,0,0,0,1,0,0,a830faef-3432-4557-b035-08d7f60b9c3e,0,0,0,0,1,0,0,0,0,0,1,0,0,0,0,0,1,0,0,0,0,0,0,0,0,0,0,1,0,0,1,0
379,Kasteel Rosendael,c2219eac-c939-49f6-ba34-325d739caf9b,77.0,0,0,0,0,1,0,0,0,0,0,0,0,0,64275022-64ef-425e-b006-08d7f60b9c3e,0,0,1,0,0,0,0,0,0,0,0,0,0,0,0,0,0,0,1,0,0,0,0,0,1,0,0,1,0,0,0,1
380,Openluchtmuseum Ootmarsum,c2d8b6c2-92ae-46c2-9890-8696aaec6e1d,137.0,0,0,0,0,0,0,0,0,0,0,1,0,0,3fdeb03b-fe67-4021-b0c3-08d7f60b9c3e,0,1,0,0,0,0,0,0,0,0,0,1,0,0,0,0,0,0,0,0,0,0,0,0,0,1,1,1,0,0,0,1
381,Kijk- en Luistermuseum,c31596fe-9ad1-4b7d-ae3c-e095d4744a64,0.0,0,0,0,0,0,0,0,0,0,0,0,0,0,0,0,0,0,0,0,0,0,0,0,0,0,1,0,0,0,0,1,0,0,0,0,0,0,0,0,0,0,1,0,0,0,0
382,Huygens' Hofwijck,c40020e4-d23b-4607-9145-7aa020866c04,23.0,0,0,0,1,0,0,0,0,0,0,0,0,0,973070cc-ca64-48cf-aff6-08d7f60b9c3e,0,0,0,0,0,0,0,0,1,0,1,1,0,0,0,0,1,0,0,0,0,0,0,0,0,1,1,1,0,0,0,0
383,Museum MORE,c47b5df9-92d4-417b-a80b-61b3a787bad9,373.0,0,0,0,0,0,0,0,0,1,0,0,0,0,0fafc0aa-758b-4ea0-b026-08d7f60b9c3e,1,0,0,0,0,0,0,0,0,0,1,0,0,0,0,0,0,0,0,0,0,0,1,0,0,0,0,1,0,0,0,1
384,Louis Couperus Museum,c4cc477e-1442-4ef9-96ea-539e46356b07,5.0,0,0,0,1,0,0,0,0,0,0,0,0,0,d46c5280-f5e8-4baa-b01a-08d7f60b9c3e,0,0,0,0,0,0,0,0,0,1,0,1,0,0,0,0,1,0,0,0,0,0,1,0,0,1,0,1,1,0,1,0
385,Museum de Buitenplaats,c4ec2b8c-2aef-4e26-893a-ead4f7703e53,31.0,0,0,0,0,0,0,0,0,1,0,0,0,0,36b45e19-be68-4491-b03b-08d7f60b9c3e,0,0,0,0,0,0,0,1,0,0,1,0,0,0,0,0,1,0,1,1,0,0,1,0,0,0,0,1,0,0,0,1
386,Stedelijk Museum Alkmaar,c5ad38ca-1303-43d2-adee-04bb0e3268f6,223.0,0,0,0,0,0,0,0,0,1,0,0,0,0,e8955ca1-cca1-49f3-b0e8-08d7f60b9c3e,1,0,0,0,0,0,0,0,0,0,1,1,0,0,0,0,0,1,1,1,1,1,1,0,0,0,0,0,1,1,0,1
387,Het Utrechts Archief,c5f783ea-db8b-4a9b-93bb-311d51687719,15.0,0,0,0,1,0,0,0,0,0,0,0,0,0,a21ef159-f70a-4379-afe4-08d7f60b9c3e,0,0,0,1,0,0,0,0,0,0,0,1,0,0,0,0,0,0,0,0,0,0,1,0,0,1,0,0,0,0,1,0
388,Maritiem Museum Rotterdam,c7858635-11bf-473d-9dc7-7336bbbd29ca,748.0,0,0,0,0,0,0,0,0,0,0,1,0,0,f45873db-9e9d-43a9-b020-08d7f60b9c3e,0,0,0,1,0,0,0,0,0,0,0,0,1,0,0,0,0,0,1,1,1,0,1,0,0,1,0,1,0,0,1,1
389,Museum Beelden aan Zee,c79c20d2-9c0c-4a88-823b-6f7842a46562,539.0,0,0,0,0,0,0,0,0,0,0,1,0,0,de48be53-9892-424b-b032-08d7f60b9c3e,1,0,0,0,0,0,0,0,0,0,1,0,0,0,0,0,0,1,1,1,1,0,1,0,0,1,0,1,1,0,1,1
390,Stedelijk Museum Vianen,c7c929e7-23dc-4dc0-9063-85f8211569f0,10.0,0,0,0,0,0,0,0,0,0,0,1,0,0,752e6ffb-ed28-4b83-b0ec-08d7f60b9c3e,1,0,0,0,0,0,0,0,0,0,1,0,0,0,0,0,1,0,0,0,0,0,1,0,0,0,0,1,1,0,0,0
391,Geert Groote Huis,c7d847ac-7f57-4bf6-955e-50745c2f1ac3,18.0,0,0,0,0,0,0,0,0,0,0,1,0,0,633fe753-7ea9-4b54-afc9-08d7f60b9c3e,0,0,0,1,0,0,0,0,0,0,0,1,0,0,0,0,1,0,0,0,0,0,0,0,0,0,0,1,1,0,1,0
392,Nederlands Stoommachinemuseum,c92918d5-cb45-432d-9874-7b54289beb09,62.0,0,0,0,0,0,0,0,0,0,0,0,0,1,1843063c-3559-4481-b0b5-08d7f60b9c3e,0,0,0,1,0,0,0,0,0,0,0,0,0,0,1,0,1,1,1,1,1,0,0,0,0,0,0,1,0,0,0,0
393,Museum De Zwarte Tulp,c96d0dd3-36c3-4b3c-b3ea-d11ca9840207,64.0,0,0,0,0,0,0,0,0,0,0,1,0,0,1ab69390-ec29-4502-b048-08d7f60b9c3e,0,0,0,0,0,0,0,0,0,1,1,1,0,1,0,0,1,0,0,0,0,0,0,0,0,1,0,1,0,0,1,0
394,Museum Jan Cunen,ca3693db-b177-4662-be73-5045b606716c,60.0,0,0,0,0,0,0,0,0,0,0,1,0,0,3b4384b9-e7f7-4245-b117-08d7f60b9c3e,1,0,0,0,0,0,0,0,0,0,1,1,0,0,0,0,0,0,0,0,0,0,1,0,0,0,0,1,1,0,0,0
395,Museum Hilversum,cab1d011-b4ae-48f1-9e9d-d565431a588f,60.0,0,0,0,0,0,0,0,0,1,0,0,0,0,4d9c8317-8345-4f7b-b05d-08d7f60b9c3e,0,0,0,0,0,0,1,0,0,0,0,0,0,0,0,0,0,0,0,0,0,0,1,0,0,1,0,0,1,0,0,0
396,Boomkwekerijmuseum,caf31e3f-0d01-4a84-8fa9-bf13a2a6162b,16.0,0,0,0,0,0,0,0,0,0,0,1,0,0,e132f3ba-39be-463a-b0f1-08d7f60b9c3e,0,0,0,0,0,0,0,0,0,1,0,1,0,0,0,0,1,0,0,0,0,0,0,0,0,1,0,1,0,0,0,0
397,Museum Drachten,caf7d7cf-5a65-4f21-965a-7227df2993f5,36.0,0,0,0,0,0,0,0,0,0,0,1,0,0,29340e64-bb63-49ae-b04c-08d7f60b9c3e,1,0,0,0,0,0,0,0,0,0,1,1,0,0,0,0,1,0,0,0,0,0,1,0,0,1,0,1,1,0,0,0
398,Museum van de Geest | Outsider Art,cb0ac5e1-e2e8-429e-9b48-54414bf84d2b,176.0,0,0,1,0,0,0,0,0,0,0,0,0,0,125ab3c8-f30f-4434-b0c5-08d7f60b9c3e,0,0,0,0,0,0,0,1,0,0,1,0,0,0,0,0,0,0,0,0,0,0,1,0,0,0,0,0,0,0,1,1
399,Museum de Scheper,cb9208ab-4103-4ab4-b346-1464efa60be9,3.0,0,0,0,0,0,0,0,0,0,0,1,0,0,f7f1c258-374e-44c2-afe9-08d7f60b9c3e,1,0,0,0,0,0,0,0,0,0,0,1,0,0,0,0,1,0,0,0,0,0,1,0,0,0,0,1,1,0,0,0
400,De Appel,cbebd2e6-4fd8-4bd8-a455-5310d4895828,20.0,0,0,0,0,0,0,0,1,0,0,0,0,0,817b9d56-3c46-46cd-af93-08d7f60b9c3e,0,0,0,0,0,0,0,1,0,0,1,0,0,0,0,0,1,0,0,0,0,0,0,0,0,0,0,0,0,0,0,0
401,Nederlands Openluchtmuseum,cc12b367-a374-4c8a-bd04-8b24e412af3c,1.784,0,0,0,1,0,0,0,0,0,0,0,0,0,cea13d26-9951-4711-b0b3-08d7f60b9c3e,0,0,0,0,0,1,0,0,0,0,0,1,0,0,0,0,0,1,1,1,1,0,1,0,0,1,1,1,0,0,0,1
402,Museummolen en molenwinkel De Walvisch,cda45f48-2deb-4062-bd6f-ad4da92c8114,6.0,0,0,1,0,0,0,0,0,0,0,0,0,0,997b9d61-6f4e-4fcf-b091-08d7f60b9c3e,0,0,0,1,0,0,0,0,0,0,0,1,0,0,1,0,1,0,0,0,0,0,0,0,0,1,0,1,0,0,0,0
403,Museum Maassluis,ce103d55-e291-48e2-ab48-7e464261985f,5.0,0,0,0,1,0,0,0,0,0,0,0,0,0,b77e01b6-81ea-4745-b119-08d7f60b9c3e,1,0,0,0,0,0,0,0,0,0,1,1,0,0,0,0,1,0,0,0,0,0,0,0,0,1,0,1,1,0,0,0
404,Museum De Wieger,ce2b5a40-c6a4-4342-b4cb-ebc677e7af8f,7.0,0,0,0,0,0,0,0,0,1,0,0,0,0,24c223cd-1a17-40c0-b047-08d7f60b9c3e,1,0,0,0,0,0,0,0,0,0,1,0,0,0,0,0,1,0,1,1,0,0,1,0,1,0,0,1,0,0,0,0
405,Museum Nederlandse Cavalerie,cf018604-6faa-45c2-87ae-4953d1334cb4,149.0,0,0,0,0,0,0,0,0,0,0,0,0,0,21a61ded-7550-4d09-b06e-08d7f60b9c3e,0,0,0,0,0,0,0,0,0,1,0,0,0,0,0,0,1,0,0,0,0,0,0,0,0,1,0,1,0,0,0,0
406,Veluws Museum Hagedoorns Plaatse,cf87b6b9-ea94-4fc0-81c9-7859328d1c54,50.0,0,0,0,0,0,0,0,0,1,0,0,0,0,4e3bcc25-afa8-4efc-b153-08d7f60b9c3e,0,0,0,0,0,1,0,0,0,0,0,0,0,0,0,0,1,0,0,0,0,0,1,0,0,0,0,1,0,0,0,0
407,Nationaal Vlechtmuseum,cfb73ba4-3c32-49fe-95f6-39f1b18f8894,6.0,0,0,0,0,0,0,0,0,0,0,1,0,0,dc1937da-f2eb-4103-b0a6-08d7f60b9c3e,0,1,0,0,0,0,0,0,0,0,1,1,0,1,0,0,1,0,0,0,0,0,0,0,0,1,0,1,0,0,0,1
408,Het Noordbrabants Museum,cfcd6f00-5b4b-4738-951b-5feb1945e644,877.0,0,0,0,1,0,0,0,0,0,0,0,0,0,a20d3e62-d019-4263-b105-08d7f60b9c3e,1,0,0,0,0,0,0,0,0,0,1,1,0,0,0,0,0,0,1,1,1,0,1,0,0,0,0,0,0,0,0,0
409,GeoFort,d0077c9a-8102-4749-ba85-fe2e8b3ef53d,94.0,0,0,0,0,0,0,1,0,0,0,0,0,0,e0feb49f-989a-4b8d-b100-08d7f60b9c3e,0,1,0,0,0,0,0,0,0,0,0,0,0,0,0,0,0,1,1,1,1,0,1,0,1,0,0,1,0,0,0,1
410,Kasteel Hoensbroek,d0bf039f-cc00-4511-bb91-94ac191a3c67,307.0,0,0,0,0,1,0,0,0,0,0,0,0,0,b08f5a49-c289-4d6f-b003-08d7f60b9c3e,0,0,1,0,0,0,0,0,0,0,0,1,0,0,0,0,0,1,1,1,1,0,0,0,1,0,0,1,0,0,0,1
411,Fruitteeltmuseum,d183dcdd-900b-4721-b8a0-c44912e8ce7f,498.0,0,0,0,0,0,0,0,0,0,0,1,0,0,3404c75d-ab60-4525-afc7-08d7f60b9c3e,0,1,0,0,0,0,0,0,0,0,0,1,0,1,0,0,1,0,0,0,0,0,1,0,0,0,1,0,1,0,0,0
412,Warkums Erfskip,d1961c0e-c83f-4916-9d9a-51e5c33643bb,6.0,0,0,0,0,0,0,1,0,0,0,0,0,0,f9ddd6f7-7640-4ce7-b15b-08d7f60b9c3e,0,1,0,0,0,0,0,0,0,0,0,0,0,0,0,0,1,0,0,0,0,0,0,0,0,0,0,1,0,0,0,0
413,Speelgoedmuseum,d1b63e25-c5be-4634-b18e-3abfaf57e330,116.0,0,0,0,0,0,0,0,0,0,0,1,0,0,90c8c36f-4c72-447e-b0de-08d7f60b9c3e,0,1,0,0,0,0,0,0,0,0,0,1,0,0,0,0,0,0,0,0,0,0,0,0,0,0,0,1,0,0,1,0
414,Museumpark Archeon,d1e42c4d-d176-4833-98a8-a3fb4a725b91,320.0,0,0,0,0,0,0,1,0,0,0,0,0,0,bd40e41f-43c8-4048-b122-08d7f60b9c3e,0,0,0,0,0,0,1,0,0,0,0,0,0,0,0,0,0,1,1,1,0,0,0,0,0,0,1,1,1,1,0,1
415,Geelvinck Muziek Museum Zutphen ,d241a7ad-081b-433c-aac3-01d314e8af9a,87.0,0,0,0,0,0,0,0,0,0,0,1,0,0,40d77797-1c37-4281-b04f-08d7f60b9c3e,0,1,0,0,0,0,0,0,0,0,0,1,0,0,0,0,1,0,0,0,0,0,0,0,0,0,0,0,0,0,1,0
416,Museum de Fundatie,d277832b-8ab5-466d-ad2d-58a8f409f7cb,790.0,0,0,0,0,0,0,0,0,0,0,1,0,0,60359d88-5e2d-4546-b03c-08d7f60b9c3e,0,0,0,0,0,0,0,1,0,0,1,0,0,0,0,0,0,0,0,0,0,0,1,0,0,0,0,1,1,0,1,0
417,Wereldmuseum Rotterdam,d280a91d-ebc1-4607-afb9-e38a67c862d0,267.0,0,0,0,0,0,0,0,0,1,0,0,0,0,55977a19-3f77-48b8-b15f-08d7f60b9c3e,0,0,0,1,0,0,0,0,0,0,1,1,0,0,0,1,0,0,1,1,0,0,1,0,0,1,0,1,0,0,0,1
418,Gemeentemuseum het land van Thorn,d2af32e7-2fc4-40a1-a207-b18fb984e276,24.0,0,0,0,0,0,0,0,0,0,0,1,0,0,73da264a-d223-4539-afce-08d7f60b9c3e,0,0,0,1,0,0,0,0,0,0,0,1,0,0,0,0,1,0,0,0,0,0,1,0,0,0,0,1,0,0,0,0
419,Micropia,d393d962-7ee9-411b-8c60-c0879d6e3fd7,1.4409999999999998,0,0,0,0,0,0,0,0,0,0,1,0,0,6d1d5f19-f33c-40e7-b027-08d7f60b9c3e,0,1,0,0,0,0,0,0,0,0,0,0,0,1,0,0,0,0,1,0,0,0,0,0,0,0,0,1,1,0,1,1
420,Museummolen Schermerhorn,d3f20e16-cca3-412c-8c94-812eb7999f80,79.0,0,0,1,0,0,0,0,0,0,0,0,0,0,b52f2cf8-b2db-45a4-b0d4-08d7f60b9c3e,0,1,0,0,0,0,0,0,0,0,0,1,0,0,0,0,0,0,0,0,0,0,0,0,0,0,0,1,0,0,0,0
421,Speelgoedmuseum Kinderwereld Roden,d412197e-6767-4bea-8c3f-d71ab12cb3a7,16.0,0,0,0,0,0,0,0,0,0,0,1,0,0,0fe67471-12cb-4c7a-b118-08d7f60b9c3e,1,0,0,0,0,0,0,0,0,0,0,0,0,0,0,0,1,0,0,0,0,0,1,0,0,0,0,1,1,0,0,0
422,Paleis Het Loo,d545be8a-48d2-4af9-862d-d26a821787e0,1.15,0,0,0,0,0,0,0,0,1,0,0,0,0,54c8e519-7706-4b44-b0c7-08d7f60b9c3e,0,0,0,0,0,0,0,0,1,0,1,1,0,0,0,0,0,1,1,1,1,0,1,0,0,1,0,1,0,0,0,1
423,Portrait Gallery of the 17th Century,d579493e-5364-4327-b712-d231508db640,2.363,0,0,0,0,0,0,0,0,1,0,0,0,0,728fff9f-6706-4053-1673-08d83356900d,0,0,0,0,0,0,0,0,1,0,1,1,0,0,0,0,1,0,0,0,0,1,0,0,0,0,0,0,1,0,1,1
424,Museum Kasteel Wijchen,d588a9be-1325-4ed5-a697-a823d4b57655,38.0,0,0,0,0,0,0,0,0,0,0,1,0,0,611b4e12-800a-4ac6-b065-08d7f60b9c3e,0,0,1,0,0,0,0,0,0,0,1,1,0,0,0,0,1,1,1,1,0,0,0,0,0,0,0,1,0,0,0,0
425,Museum Noordwijk,d59bf38f-ec44-4785-867b-9687993caa14,44.0,0,0,0,0,0,0,0,0,0,0,1,0,0,e04d3245-5c4f-43dc-b070-08d7f60b9c3e,0,1,0,0,0,0,0,0,0,0,1,1,0,0,0,0,1,0,0,0,0,0,0,0,0,1,0,1,0,0,0,0
426,Muzeeaquarium Delfzijl,d6dceab9-27ce-41aa-9be2-9e5189ba51f0,43.0,0,0,0,0,0,0,0,0,0,0,0,0,0,6ebf04c3-b9cc-4889-b123-08d7f60b9c3e,0,1,0,0,0,0,0,0,0,0,0,1,0,1,0,0,1,0,0,0,0,0,1,0,0,0,0,1,1,0,1,0
427,Kunsthal  Rotterdam,d7f027c1-49fa-4fa8-a661-43598ed47263,658.0,0,0,0,0,0,0,0,0,1,0,0,0,0,7580ebc8-c833-486f-b012-08d7f60b9c3e,0,0,0,0,0,0,0,1,0,0,1,0,0,0,0,0,0,0,1,1,1,0,1,0,0,0,0,1,1,0,1,1
428,Nederlands Steendrukmuseum,d94a7ad1-c6b5-45e5-9b97-4597799ea184,38.0,0,0,0,0,0,0,0,0,0,0,1,0,0,d1db754c-4bba-4d00-b0b4-08d7f60b9c3e,0,1,0,0,0,0,0,0,0,0,1,1,0,0,1,0,1,0,0,0,0,0,1,0,0,1,0,1,0,0,0,0
429,Forteiland Pampus,d960438f-902d-4c22-820a-383d5992d467,99.0,0,0,0,0,0,0,0,0,0,0,0,0,0,178d7450-ac33-44ae-b0fc-08d7f60b9c3e,0,0,0,1,0,0,0,0,0,0,0,1,0,0,0,0,0,1,1,1,0,0,0,0,1,0,1,0,0,0,0,1
430,Veiligheidsmuseum PIT,d9c3694b-8999-46e7-9264-66e2ca190c86,108.0,0,0,0,0,0,0,1,0,0,0,0,0,0,91b1f363-529b-4115-b152-08d7f60b9c3e,0,1,0,0,0,0,0,0,0,0,0,0,0,0,1,0,0,1,1,1,1,0,1,0,1,1,0,1,1,0,1,1
431,Stedelijk Museum Coevorden,da47cb04-ae0e-4ba2-abe5-cd0d63b9fe72,29.0,0,0,0,0,0,0,0,0,0,0,1,0,0,20df255c-6f4e-4019-b0ea-08d7f60b9c3e,0,1,0,0,0,0,0,0,0,0,0,0,0,0,0,0,1,0,0,0,0,0,1,0,0,0,0,1,0,0,0,0
432,Museum 'De Roos',da5f9301-a391-48ad-89b7-87eec498ffba,3.4760000000000004,0,0,0,0,0,0,0,0,0,0,1,0,0,aec351c3-fd36-4137-b116-08d7f60b9c3e,0,0,0,1,0,0,0,0,0,0,0,1,0,0,0,0,1,0,0,0,0,0,1,0,0,0,0,1,0,0,0,0
433,Museum De Pelgrim,db6bcc6a-dc83-4e65-85ba-b70d85f6ec53,1.0,0,0,0,0,0,0,0,0,0,0,1,0,0,ab19f31f-f2fd-4afd-b16c-08d7f60b9c3e,1,0,0,0,0,0,0,0,0,0,0,1,0,0,0,0,1,0,0,0,0,0,0,0,0,0,0,0,0,0,0,0
434,Museumpark Orientalis,dc084656-3e15-4519-9412-4753da0bc11b,103.0,0,0,0,0,0,0,0,0,0,0,1,0,0,f686578a-15fe-4154-b092-08d7f60b9c3e,0,0,0,0,0,0,0,0,0,1,0,1,0,0,0,0,0,0,0,0,0,0,1,0,0,0,1,1,1,0,0,1
435,Kasteel Doorwerth,dc333343-ecdf-4502-a6b7-35b8ba5c1684,286.0,0,0,0,0,1,0,0,0,0,0,0,0,0,baa72178-7488-4aab-b000-08d7f60b9c3e,0,0,1,0,0,0,0,0,0,0,0,1,0,1,0,0,0,0,1,1,0,0,0,0,0,0,0,1,0,0,0,1
436,Spoorwegmuseum,ddc06b8b-9dd1-4768-be15-75477b0f104a,1.3230000000000002,0,0,0,0,0,0,0,0,0,0,1,0,0,48f5b643-6b43-46f2-afe2-08d7f60b9c3e,0,0,0,0,0,1,0,0,0,0,0,1,0,0,1,0,0,1,1,1,1,0,1,0,0,1,0,1,1,0,0,1
437,Cobra Museum voor Moderne Kunst,ddcb0195-4e2a-4be5-9e42-97c34308367c,2.42,0,0,0,0,0,0,0,0,1,0,0,0,0,faacb5cf-eb31-4dd6-afa3-08d7f60b9c3e,1,0,0,0,0,0,0,0,0,0,1,0,0,0,0,0,0,0,0,0,0,0,1,0,0,0,0,1,0,0,1,1
438,Museum Hindeloopen,dee4d70d-ebd6-46c0-b273-c655fe3e6a80,34.0,0,0,0,0,0,0,0,0,1,0,0,0,0,504eec34-fbee-4525-b05e-08d7f60b9c3e,0,0,0,0,0,0,1,0,0,0,0,1,0,0,0,0,1,0,0,0,0,0,1,0,0,0,0,1,0,0,0,0
439,Huis van het boek,df6d2369-9846-49ae-9a5d-ca40a6e310b8,67.0,1,0,0,0,0,0,0,0,0,0,0,0,0,8103eee4-ea43-4cfa-b06c-08d7f60b9c3e,0,0,0,0,0,0,0,0,0,1,0,1,0,0,0,0,0,0,0,0,0,0,1,0,0,1,0,1,0,0,0,0
440,Portugese Synagoge Amsterdam,dffe8ae8-e39f-49d2-a41b-004775a406a8,1.4509999999999998,1,0,0,0,0,0,0,0,0,0,0,0,0,77fd438a-dd84-45af-b0cd-08d7f60b9c3e,0,0,0,0,1,0,0,0,0,0,1,1,0,0,0,1,0,0,0,0,0,0,0,0,0,1,0,0,1,0,1,0
441,Museum Belvédère,e0579fce-48ee-482e-8ed8-1281dae2c2b3,104.0,0,0,0,0,0,0,0,0,0,0,1,0,0,b5f93f5a-9a38-4116-b033-08d7f60b9c3e,1,0,0,0,0,0,0,0,0,0,1,0,0,0,0,0,0,0,0,0,0,0,1,0,0,1,0,1,1,0,0,1
442,Heksenwaag,e16483f3-1aa5-4dd8-aa2b-aeb22f0f2ae3,85.0,0,0,0,0,0,0,0,0,0,0,1,0,0,680ac1fd-a128-41f5-b114-08d7f60b9c3e,0,0,0,0,0,1,0,0,0,0,0,1,0,0,0,0,1,0,0,0,0,0,0,0,0,1,0,1,0,0,0,0
443,Weegschaal Museum Naarden,e16ae770-865f-47d5-99ff-6ae6fc094217,27.0,0,0,0,0,0,0,0,0,0,0,1,0,0,08a0b319-f148-43cb-b135-08d7f60b9c3e,0,0,0,0,0,0,0,0,1,0,0,1,0,0,0,0,1,0,0,0,0,0,0,0,0,0,0,1,0,0,1,0
444,"GEM, museum voor actuele kunst",e3a4eb03-6234-466c-a9a6-8313829a4065,0.0,0,0,0,0,0,0,0,0,0,0,0,0,0,0,0,0,0,0,0,0,0,0,0,0,1,0,0,0,0,0,1,0,0,0,0,0,0,0,0,0,0,0,0,0,0,0
445,Museum het Petershuis,e45fa2d7-0f3f-4a61-9611-2a5f14be0c39,442.0,0,0,0,0,0,0,0,0,0,0,1,0,0,2b5837f8-0450-43d6-b059-08d7f60b9c3e,0,0,0,0,0,0,1,0,0,0,1,1,0,0,1,0,1,0,0,0,0,0,1,0,0,0,0,1,0,0,0,0
446,Nederlands Artillerie Museum,e4b87fd4-b473-4137-abdc-c6854b3dd7a4,5.0,0,0,0,0,0,0,0,0,0,0,1,0,0,a2ff6960-f7b5-4b0c-b0b0-08d7f60b9c3e,0,0,0,0,0,1,0,0,0,0,0,0,0,0,1,0,1,0,0,0,0,0,0,0,0,1,0,1,1,0,0,0
447,Nationaal Orgelmuseum,e6efcd40-f8a3-4a8c-9d99-8d4906b91d38,20.0,0,0,0,0,0,0,0,0,0,0,1,0,0,6d2b0089-ffea-4c60-b124-08d7f60b9c3e,0,0,0,1,0,0,0,0,0,0,0,0,0,0,0,0,1,0,0,0,0,0,0,0,0,1,0,1,0,0,1,0
448,Museum Staphorst,e89e2757-e3e7-4d22-bba5-58f4164a0105,10.0,0,0,0,1,0,0,0,0,0,0,0,0,0,a61f3e3c-0c86-47e9-b174-08d7f60b9c3e,0,0,0,0,0,0,1,0,0,0,0,0,0,0,0,0,1,0,0,0,0,0,1,0,0,0,0,1,1,1,0,0
449,Waterlandsmuseum de Speeltoren,e9a50572-939d-4c7e-82b7-dfe6fb311adb,42.0,0,0,0,0,0,0,0,0,0,0,1,0,0,bd195bab-7fa8-432d-b15c-08d7f60b9c3e,0,1,0,0,0,0,0,0,0,0,0,0,0,0,0,0,1,0,0,0,0,0,0,0,0,0,0,1,0,0,0,0
450,Universiteitsmuseum Groningen,e9ad0209-89ad-4e53-a353-b7328562f8e6,97.0,0,0,0,0,0,0,0,0,0,0,1,0,0,91cf06d4-a764-45a8-b14c-08d7f60b9c3e,0,0,0,0,0,0,1,0,0,0,1,1,0,1,0,0,1,1,1,1,1,0,1,0,0,1,0,1,1,1,1,0
451,Vincent van GoghHuis,ead1ade8-64f8-4fec-911d-de40132a7b6e,57.0,0,0,0,0,0,0,0,0,1,0,0,0,0,a5e36eee-4c87-473c-b156-08d7f60b9c3e,0,0,0,0,0,0,0,0,0,1,1,0,0,0,0,0,1,0,0,0,0,0,1,0,0,0,0,1,0,0,0,0
452,Kasteelruïne - Fluweelengrot Valkenburg,eb12d0f0-4e38-4bcf-9848-0295d05335a1,1.135,1,0,0,0,0,0,0,0,0,0,0,0,0,0ac1db4e-efda-4f20-b10d-08d7f60b9c3e,0,0,1,0,0,0,0,0,0,0,0,0,0,0,0,0,0,0,1,1,0,0,0,0,1,0,0,1,0,0,0,1
453,Boerderijmuseum ''De Bovenstreek'',eb6494bd-1744-4f74-889e-a18a27d8aae2,107.0,0,0,0,0,0,0,0,0,0,0,1,0,0,0cd6f43e-e831-4b55-af9c-08d7f60b9c3e,0,0,0,0,0,0,1,0,0,0,0,0,0,0,0,0,1,0,0,0,0,0,0,0,0,0,1,1,0,0,0,1
454,Museum Het Schip,eba73114-b030-49d1-9108-e60ea8670b3a,153.0,0,0,0,0,0,0,0,0,0,0,1,0,0,a365e5b1-5860-4195-b05b-08d7f60b9c3e,0,0,0,0,0,0,0,0,1,0,1,1,0,0,0,0,0,0,1,1,1,0,1,0,0,0,0,1,1,0,0,1
455,Stadsarchief Amsterdam,ebd8da56-bf8c-4233-9adb-792ddd85452c,88.0,0,0,0,0,0,0,0,0,0,0,1,0,0,21cf9713-c479-4627-b0e0-08d7f60b9c3e,0,0,0,0,0,0,0,0,1,0,0,0,0,0,0,0,0,0,0,0,0,0,1,0,0,1,0,1,0,0,0,1
456,Museum Klok & Peel,ec065d35-d8fa-4067-af2f-8d66589735ce,119.0,0,0,0,0,0,0,0,0,0,0,1,0,0,4ca2f0b2-fdae-4e95-b067-08d7f60b9c3e,0,0,0,0,0,0,0,0,0,1,1,1,0,0,0,0,0,1,1,1,1,0,1,0,0,0,0,1,0,0,0,0
457,Visserijmuseum Zoutkamp,ec263e46-374a-4932-b898-9d543994eecf,7.0,0,0,0,0,0,0,0,0,0,0,1,0,0,86bd7a8d-37ae-4065-b158-08d7f60b9c3e,0,1,0,0,0,0,0,0,0,0,0,0,1,0,0,0,1,0,0,0,0,0,0,0,0,1,0,1,0,0,0,0
458,Museum Het Belfort,ec2cb4fd-72c6-4f66-a9c0-f41c8fca9f84,38.0,0,0,0,1,0,0,0,0,0,0,0,0,0,f560e0cb-6ac8-40d9-b16b-08d7f60b9c3e,0,0,0,0,0,0,0,0,0,1,0,0,0,0,0,0,1,0,0,0,0,0,0,0,0,0,0,1,1,0,0,0
459,Nationaal Vlasserij-Suikermuseum,eca19b80-47bd-4f8b-8ed0-bdfb159cb0bc,69.0,0,0,0,0,0,0,0,0,0,0,1,0,0,72ed159f-b6f9-4dee-b0a5-08d7f60b9c3e,0,0,0,1,0,0,0,0,0,0,0,1,0,0,0,0,1,0,0,0,0,0,0,0,0,1,0,1,1,0,0,1
460,Jopie Huisman Museum,ef3c203e-a858-4f66-b2c8-59793913a386,153.0,0,0,0,1,0,0,0,0,0,0,0,0,0,4d168421-129d-4bd2-affb-08d7f60b9c3e,1,0,0,0,0,0,0,0,0,0,1,0,0,0,0,0,0,0,0,0,0,0,1,0,0,1,0,1,0,0,0,0
461,Museumstoomtram Hoorn-Medemblik,f03acb0d-bfe6-45f8-847c-d3fa96aabe1f,498.0,0,0,0,0,0,0,0,0,0,0,1,0,0,f1867030-8129-4b2f-b093-08d7f60b9c3e,0,0,0,0,0,1,0,0,0,0,0,0,0,0,1,0,0,1,1,1,0,0,0,0,0,1,1,1,0,0,0,1
462,Museum Het Valkhof,f05af616-d419-463e-89da-c107b2f20129,236.0,0,0,0,0,0,0,0,0,0,0,1,0,0,d29d0695-cecc-428a-b05c-08d7f60b9c3e,1,0,0,0,0,0,0,0,0,0,1,1,0,0,0,0,0,1,1,1,0,0,1,0,0,1,0,1,1,0,0,1
463,Flipje en Streekmuseum Tiel,f07e9147-5ac1-4c22-a403-90fac94d36b8,61.0,0,0,0,0,0,0,0,0,0,0,1,0,0,ebf91ae2-ca5c-4e81-afbf-08d7f60b9c3e,0,0,0,0,0,0,1,0,0,0,0,1,0,0,0,0,1,0,0,0,0,0,1,0,0,0,0,1,0,0,0,0
464,Nationaal Biermuseum De Boom,f10a8db1-2d78-42d9-9654-352a6e189e25,97.0,0,0,0,0,0,0,0,0,0,0,1,0,0,f2831222-a7bf-4a58-b098-08d7f60b9c3e,0,0,0,1,0,0,0,0,0,0,0,0,0,0,0,0,1,0,0,0,0,0,0,0,0,0,0,1,0,0,0,0
465,Nationaal Bomenmuseum Gimborn,f13e960f-96aa-4a92-97d7-4047e7c837d9,30.0,0,0,0,0,0,0,0,0,0,0,0,1,0,535561bb-0be6-429e-b134-08d7f60b9c3e,0,0,0,1,0,0,0,0,0,0,0,0,0,1,0,0,1,0,0,0,0,0,0,0,0,0,1,1,0,0,0,0
466,Stadsmuseum Doetinchem,f38fd3ee-44ac-4fc2-b3f6-ffedea7c6e9d,2.0,0,0,0,1,0,0,0,0,0,0,0,0,0,56817a61-c196-4ba3-b0e2-08d7f60b9c3e,0,1,0,0,0,0,0,0,0,0,0,0,0,0,0,0,1,0,0,0,0,0,1,0,0,0,0,1,0,0,0,0
467,Museum van de Vrouw,f42df924-d7b0-44e0-b996-2936871c504e,3.0,0,0,0,1,0,0,0,0,0,0,0,0,0,0c955eb9-601e-4a08-b085-08d7f60b9c3e,0,0,0,0,0,1,0,0,0,0,0,1,0,0,0,0,1,0,0,0,0,0,1,0,0,0,0,1,1,0,0,0
468,Joods Historisch Museum,f42e58c1-d6e6-4bdb-aa51-e0af569e31df,1.045,0,0,0,1,0,0,0,0,0,0,0,0,0,c5bb5c7e-ffeb-43fb-affa-08d7f60b9c3e,0,0,0,0,1,0,0,0,0,0,1,1,0,0,0,1,0,0,1,1,0,0,1,0,0,1,0,1,1,1,0,1
469,Multatuli Huis,f4d47c41-e071-4797-a9ce-c0bc4f2b48d3,6.0,0,0,0,0,0,0,0,0,0,0,1,0,0,c018e8bf-a1dc-4ac6-b02e-08d7f60b9c3e,0,0,0,0,0,1,0,0,0,0,0,1,0,0,0,0,1,0,0,0,1,0,0,0,0,1,0,0,0,0,0,0
470,Molenmuseum De Valk,f5520586-362f-4ce3-a624-0be40270f822,489.0,0,0,0,0,0,0,0,0,0,0,1,0,0,9db3476e-2bdd-401d-b02b-08d7f60b9c3e,0,0,0,0,0,0,0,0,0,1,0,0,0,0,0,0,0,0,0,0,0,0,0,0,0,1,0,1,0,0,1,0
471,Museum Terra Maris,f57a988c-883e-4f75-8dc6-7d5f76d005e5,40.0,0,0,0,0,0,0,0,0,0,0,1,0,0,c8c5c730-c588-4876-b083-08d7f60b9c3e,0,0,0,1,0,0,0,0,0,0,0,0,0,1,0,0,0,1,1,1,1,0,1,0,0,0,0,1,1,0,1,1
472,Biesbosch MuseumEiland,f61643e5-0237-4536-90ef-d3e8f721de21,118.0,0,0,0,0,0,0,0,0,0,0,1,0,0,d914cdf1-e612-4c30-af9b-08d7f60b9c3e,0,0,0,1,0,0,0,0,0,0,0,0,1,1,0,0,1,0,0,0,0,0,1,0,0,1,0,1,0,0,0,1
473,Rijksmuseum Boerhaave,f64adebc-d16c-4e0d-8c2a-ab0e2f0f28ba,207.0,0,0,0,0,0,0,0,0,0,0,1,0,0,8eaf5c36-4e36-4f74-b0d0-08d7f60b9c3e,0,1,0,0,0,0,0,0,0,0,0,1,1,0,1,0,0,1,1,1,1,0,0,0,0,1,0,0,0,0,0,0
474,Purmerends Museum,f70e0b91-81dd-4f8b-b5e4-e98ca0970b40,23.0,0,0,0,1,0,0,0,0,0,0,0,0,0,aee44df6-af39-4651-b0cf-08d7f60b9c3e,1,0,0,0,0,0,0,0,0,0,1,1,0,0,0,0,1,0,0,0,0,0,1,0,0,1,0,0,1,0,0,0
475,Museum Gouda,f76d5813-3efb-44c8-beff-5d2a569d7eb3,178.0,0,0,0,0,0,0,0,0,1,0,0,0,0,c0f39f1b-5f65-4594-b052-08d7f60b9c3e,1,0,0,0,0,0,0,0,0,0,1,0,0,0,0,0,0,0,1,1,1,0,1,0,1,1,0,1,0,0,0,1
476,Paviljoen Nederland en WOI,f7e3d4b2-ae53-41c5-aa79-cfa323796de7,187.0,0,0,1,0,0,0,0,0,0,0,0,0,0,4f83f676-9f26-43bc-b0ca-08d7f60b9c3e,0,0,0,0,0,1,0,0,0,0,0,1,0,0,0,0,0,0,0,0,0,0,0,0,0,0,0,0,1,0,0,1
477,Museum Rijswijk,f7ee9931-75df-4898-b5cc-2c7be2063e3c,36.0,0,0,0,1,0,0,0,0,0,0,0,0,0,fe27656d-2b35-4cc0-b075-08d7f60b9c3e,0,1,0,0,0,0,0,0,0,0,1,0,0,0,0,0,1,0,0,0,0,0,1,0,0,0,0,1,0,0,0,0
478,Natuurmuseum Fryslân,f82c9249-ae42-4690-bcbc-9db3f55db2d0,112.0,0,0,0,0,0,0,1,0,0,0,0,0,0,35e02d19-87be-4d47-b0ae-08d7f60b9c3e,0,1,0,0,0,0,0,0,0,0,0,0,0,1,0,0,0,1,1,1,0,0,1,0,1,1,0,1,1,0,0,0
479,Embassy of the Free Mind,f9453fa1-3fe4-4c3e-a980-174ddae906fc,68.0,1,0,0,0,0,0,0,0,0,0,0,0,0,fbed502c-2d3f-4289-afbc-08d7f60b9c3e,0,1,0,0,0,0,0,0,0,0,0,1,0,0,0,1,1,0,0,0,0,0,1,0,0,0,0,0,0,0,0,0
480,Museum Menkemaborg,f949947c-21cd-4074-bc78-c9039268ab07,58.0,1,0,0,0,0,0,0,0,0,0,0,0,0,f9131476-ede6-4754-b11a-08d7f60b9c3e,0,1,0,0,0,0,0,0,0,0,0,0,0,0,0,0,0,0,0,0,0,0,1,0,0,0,0,1,0,0,0,1
481,Huis Zypendaal,f97c7156-10d8-4c00-8be5-9afdfa0be18c,15.0,0,0,0,0,0,0,0,0,0,0,0,0,0,ae6b707a-cc70-4628-aff3-08d7f60b9c3e,0,0,0,0,0,0,0,0,1,0,0,0,0,0,0,0,0,0,0,0,0,0,0,0,0,0,0,1,0,0,0,0
482,Nederlands Bakkerijmuseum,f9878ebc-3a04-4842-8da9-af3775d99441,43.0,0,0,0,0,0,0,0,0,0,0,1,0,0,f3c7f5bd-5bcd-4849-b0b1-08d7f60b9c3e,0,1,0,0,0,0,0,0,0,0,0,1,0,0,0,0,0,0,1,1,0,0,0,0,0,1,0,1,0,0,0,1
483,Trompenburg Tuinen & Arboretum,f9d5d350-4bab-499a-8f53-2af1f6f25601,225.0,0,0,0,0,0,0,0,0,0,0,0,1,0,0592f2a3-9549-4dbb-b149-08d7f60b9c3e,0,0,0,0,0,0,0,1,0,0,0,0,0,1,0,0,0,0,0,0,0,0,1,0,0,0,1,1,0,0,0,0
484,Kunsthal KAdE,fa3297b4-3e97-42e1-86f7-7de33c2bc426,45.0,0,0,0,0,0,0,0,0,1,0,0,0,0,195f0c31-a6a6-4115-affc-08d7f60b9c3e,0,0,0,0,0,0,0,1,0,0,1,0,0,0,0,0,1,0,0,0,0,0,1,0,0,0,0,0,0,0,0,0
485,Museum Haarlem,fb0faf75-c38d-4860-b1a7-a37f8405b863,99.0,0,0,0,0,0,0,0,0,0,0,1,0,0,1a9755ba-8858-44cc-b053-08d7f60b9c3e,0,0,0,0,0,0,1,0,0,0,0,1,0,0,0,0,0,0,0,0,0,0,1,0,0,0,0,0,0,0,0,0
486,Fries Landbouwmuseum,fb1170b7-377c-40f1-9cae-6daa19257a21,3.0,0,0,0,1,0,0,0,0,0,0,0,0,0,5ff2cfe7-7a7b-490b-afc3-08d7f60b9c3e,1,0,0,0,0,0,0,0,0,0,0,0,0,0,0,0,1,0,0,0,0,0,1,0,0,0,0,1,0,0,0,0
487,Nationaal Gevangenismuseum,fb32cee8-c9ce-47fa-b7f0-1d0b814b759e,11.0,0,0,0,1,0,0,0,0,0,0,0,0,0,817aeb9d-f8ca-4e1f-b09a-08d7f60b9c3e,0,1,0,0,0,0,0,0,0,0,0,0,0,0,0,0,0,0,1,1,1,0,1,0,1,1,0,1,1,0,0,0
488,Museum Swaensteyn,fb5c119f-f4a1-411c-a943-f609fcb5f5f3,26.0,0,0,0,0,0,0,0,0,0,0,1,0,0,7771cd7f-4f6c-4155-b080-08d7f60b9c3e,0,0,0,0,0,0,0,1,0,0,1,1,0,0,0,0,1,0,0,0,0,0,1,0,0,0,0,1,1,0,1,0
489,Historisch Museum Haarlemmermeer,fbd0f6e4-105e-4b04-bf93-9b06a40e7204,45.0,0,0,0,0,0,0,0,0,0,0,1,0,0,7801b9bc-2578-4f65-afeb-08d7f60b9c3e,0,1,0,0,0,0,0,0,0,0,0,2,0,0,1,0,0,0,0,0,0,0,1,0,0,0,0,1,0,0,0,0
490,Nederlands Zouavenmuseum,fc6db87c-79cc-4363-9eff-7280c4bdd31b,13.0,0,0,0,0,0,0,0,0,0,0,1,0,0,01c29cb4-2052-4296-b0b9-08d7f60b9c3e,0,0,0,0,0,0,0,0,0,1,0,1,0,0,0,0,1,0,0,0,0,0,0,0,0,1,0,1,0,0,0,0
491,Naturalis,fccff808-8a76-432a-9cb8-9d0cefbecc30,611.0,0,0,0,0,0,0,0,0,0,0,0,0,0,7b5772d8-0b9a-4b0e-b0a9-08d7f60b9c3e,0,1,0,0,0,0,0,0,0,0,0,0,0,1,0,0,1,0,0,0,0,0,1,0,0,0,0,1,1,0,0,1
492,Rijksmuseum van Oudheden,fd0ccc10-3708-434a-bb0e-40c3abe5fe5e,546.0,0,0,0,0,0,0,0,0,1,0,0,0,0,d0436343-8493-4ad8-b0d2-08d7f60b9c3e,0,0,0,0,0,0,1,0,0,0,0,0,0,0,0,0,0,0,1,1,0,0,1,0,0,1,0,0,1,0,0,1
493,Haarlemmermeermuseum De Cruquius,fd1192ea-1815-431c-9ea6-da685c92d452,120.0,0,0,0,0,0,0,0,0,1,0,0,0,0,aff5d17b-bfc2-4b55-b101-08d7f60b9c3e,0,0,0,0,0,0,0,0,0,1,0,1,0,0,1,0,0,0,0,0,0,0,0,0,0,0,0,1,1,0,0,1
494,Het Nieuwe Instituut,fde0ab33-2d85-4f29-a0fb-6e13a6f52142,137.0,0,0,0,0,0,0,0,1,0,0,0,0,0,ee21a51b-d480-43cb-afdf-08d7f60b9c3e,0,0,0,0,0,1,0,0,0,0,1,1,0,0,0,0,1,0,0,0,0,0,1,0,0,0,0,0,0,0,0,0
495,Vrijmetselarij Museum,fe92325a-3b6b-4b8b-9a29-49575071df82,1.0,0,0,0,1,0,0,0,0,0,0,0,0,0,a0da9a1e-1f50-4d72-b15a-08d7f60b9c3e,0,0,0,0,1,0,0,0,0,0,0,1,0,0,0,0,1,0,0,0,0,0,0,0,0,1,0,1,0,0,0,0
